Workbook

Sheet Aggregated Wavelength Data
A2: Row Labels | B2: Count of Wavelength (nm) | C2: Associated Chemical (Curran, 1989)
A3: 2160.0002 | B3: 11 | C3: Protein, nitrogen (N-H bend, 2nd overtone/C-H stretch/C-O stretch/C=O stretch/C-N stretch)
A4: Interpretation | B4: 4
A5: Prediction | B5: 2
A6: VarImp | B6: 5
A7: 2141.108 | B7: 11 | C7: Protein (N-H stretch)
A8: Interpretation | B8: 4
A9: Prediction | B9: 2
A10: VarImp | B10: 5
A11: 2166.3718 | B11: 10 | C11: Protein, nitrogen (N-H bend, 2nd overtone/C-H stretch/C-O stretch/C=O stretch/C-N stretch)
A12: Interpretation | B12: 4
A13: Prediction | B13: 2
A14: VarImp | B14: 4
A15: 2153.6658 | B15: 10 | C15: Protein, nitrogen (N-H bend, 2nd overtone/C-H stretch/C-O stretch/C=O stretch/C-N stretch)
A16: Interpretation | B16: 4
A17: Prediction | B17: 1
A18: VarImp | B18: 5
A19: 2134.8839 | B19: 9 | C19: Protein (N-H stretch)
A20: Interpretation | B20: 3
A21: Prediction | B21: 2
A22: VarImp | B22: 4
A23: 2361.4149 | B23: 9 | C23: Cellulose, protein, nitrogen (CH2 bend, 2nd overtone, C-H deformation, 2nd overtone)
A24: Interpretation | B24: 3
A25: Prediction | B25: 3
A26: VarImp | B26: 3
A27: 2172.7812 | B27: 8 | C27: Protein, nitrogen (N-H bend, 2nd overtone/C-H stretch/C-O stretch/C=O stretch/C-N stretch)
A28: Interpretation | B28: 3
A29: Prediction | B29: 2
A30: VarImp | B30: 3
A31: 2400.0001 | B31: 8
A32: Interpretation | B32: 3
A33: Prediction | B33: 2
A34: VarImp | B34: 3
A35: 2369.0323 | B35: 8 | C35: Cellulose, protein, nitrogen (CH2 bend, 2nd overtone, C-H deformation, 2nd overtone)
A36: Interpretation | B36: 3
A37: Prediction | B37: 2
A38: VarImp | B38: 3
A39: 2147.3686 | B39: 8 | C39: Protein (N-H stretch)
A40: Interpretation | B40: 4
A41: VarImp | B41: 4
A42: 1661.5388 | B42: 7 | C42: Lignin, starch, protein, nitrogen (C-H stretch, 1st overtone)
A43: Interpretation | B43: 2
A44: Prediction | B44: 1
A45: VarImp | B45: 4
A46: 2353.8462 | B46: 7 | C46: Cellulose, protein, nitrogen (CH2 bend, 2nd overtone, C-H deformation, 2nd overtone)
A47: Interpretation | B47: 3
A48: Prediction | B48: 2
A49: VarImp | B49: 2
A50: 2122.5435 | B50: 7 | C50: Protein (C-H stretch)
A51: Interpretation | B51: 3
A52: Prediction | B52: 1
A53: VarImp | B53: 3
A54: 1669.0912 | B54: 6 | C54: Lignin, starch, protein, nitrogen (C-H stretch, 1st overtone)
A55: Interpretation | B55: 2
A56: Prediction | B56: 1
A57: VarImp | B57: 3
A58: 2376.6991 | B58: 5 | C58: Cellulose, protein, nitrogen (CH2 bend, 2nd overtone, C-H deformation, 2nd overtone)
A59: Interpretation | B59: 2
A60: VarImp | B60: 3
A61: 2384.4156 | B61: 5 | C61: Cellulose, protein, nitrogen (CH2 bend, 2nd overtone, C-H deformation, 2nd overtone)
A62: Interpretation | B62: 1
A63: Prediction | B63: 1
A64: VarImp | B64: 3
A65: 1665.3064 | B65: 5 | C65: Lignin, starch, protein, nitrogen (C-H stretch, 1st overtone)
A66: Interpretation | B66: 2
A67: Prediction | B67: 1
A68: VarImp | B68: 2
A69: 2128.6958 | B69: 5 | C69: Protein (C-H stretch)
A70: Interpretation | B70: 3
A71: VarImp | B71: 2
A72: 2034.3492 | B72: 4
A73: Interpretation | B73: 2
A74: Prediction | B74: 1
A75: VarImp | B75: 1
A76: 1696.0742 | B76: 4
A77: Interpretation | B77: 1
A78: Prediction | B78: 1
A79: VarImp | B79: 2
A80: 1471.7438 | B80: 4
A81: Interpretation | B81: 1
A82: Prediction | B82: 1
A83: VarImp | B83: 2
A84: 2001.0901 | B84: 4
A85: Interpretation | B85: 1
A86: Prediction | B86: 1
A87: VarImp | B87: 2
A88: 1672.8932 | B88: 4
A89: Interpretation | B89: 2
A90: Prediction | B90: 1
A91: VarImp | B91: 1
A92: 2028.7295 | B92: 4
A93: Interpretation | B93: 3
A94: VarImp | B94: 1
A95: 1822.3328 | B95: 4
A96: Interpretation | B96: 1
A97: VarImp | B97: 3
A98: 2407.8689 | B98: 4
A99: Interpretation | B99: 2
A100: VarImp | B100: 2
A101: 2415.7895 | B101: 3
...

Sheet Monthly Analyses SVM
A1: June 2024 Wavelengths of Importance | D1: August 2024 Wavelengths of Importance
A2: Wavelength (nm) | B2: Average Importance (x97) | C2: Count of Wavelength (nm) | D2: Wavelength (nm) | E2: Average Importance (x97) | F2: Count of Wavelength (nm)
A3: 2400.0001 | B3: 68 | C3: 3 | D3: 2179.2286 | E3: 76.43 | F3: 2
A4: 2160.0002 | B4: 82.726667 | C4: 3 | D4: 2153.6658 | E4: 73.435 | F4: 2
A5: 2141.108 | B5: 76.39 | C5: 3 | D5: 2141.108 | E5: 67.635 | F5: 2
A6: 2153.6658 | B6: 85.353333 | C6: 3 | D6: 1632.0003 | E6: 61.595 | F6: 2
A7: 2376.6991 | B7: 70.97 | C7: 2 | D7: 2166.3718 | E7: 83.875 | F7: 2
A8: 2415.7895 | B8: 69.305 | C8: 2 | D8: 1661.5388 | E8: 65.22 | F8: 2
A9: 2128.6958 | B9: 70.705 | C9: 2 | D9: 2353.8462 | E9: 90.165 | F9: 2
A10: 1661.5388 | B10: 72.09 | C10: 2 | D10: 1669.0912 | E10: 74.835 | F10: 2
A11: 2295.0001 | B11: 72.905 | C11: 2 | D11: 2147.3686 | E11: 68.035 | F11: 2
A12: 2147.3686 | B12: 73.9 | C12: 2 | D12: 1696.0742 | E12: 88.41 | F12: 2
A13: 2384.4156 | B13: 78.605 | C13: 2 | D13: 2160.0002 | E13: 84.27 | F13: 2
A14: 2423.7624 | B14: 51.815 | C14: 2 | D14: 1700.0003 | E14: 74.03 | F14: 2
... A61: 2068.7326 | B61: 27.35 | C61: 1 | D61: 2384.4156 | E61: 57.03 | F61: 1
A62: Grand Total | B62: 67.925875 | C62: 80 | D62: 1958.4002 | E62: 77.47 | F62: 1
D63: 1409.5972 | E63: 79.74 | F63: 1
D64: 1963.6366 | E64: 83.6 | F64: 1
D65: Grand Total | E65: 64.056375 | F65: 80

Sheet Class Analyses SVM
A1: 3-Class Wavelengths of Importance | D1: 2-Class Wavelengths of Importance
A2: Wavelength (nm) | B2: Average Importance (x97) | C2: Frequency | D2: Wavelength (nm) | E2: Average Importance (x97) | F2: Frequency
A3: 2384.4156 | B3: 70.44 | C3: 2 | D3: 2153.6658 | E3: 85.8 | F3: 3
A4: 2309.4341 | B4: 38.16 | C4: 2 | D4: 2141.108 | E4: 69.426667 | F4: 3
A5: 2295.0001 | B5: 54.315 | C5: 2 | D5: 2160.0002 | E5: 87.37 | F5: 3
A6: 1661.5388 | B6: 67.5 | C6: 2 | D6: 2400.0001 | E6: 77.055 | F6: 2
A7: 2369.0323 | B7: 74.82 | C7: 2 | D7: 2147.3686 | E7: 74.045 | F7: 2
A8: 1822.3328 | B8: 42.375 | C8: 2 | D8: 1471.7438 | E8: 70.45 | F8: 2
A9: 2166.3718 | B9: 62.74 | C9: 2 | D9: 1468.8003 | E9: 65.14 | F9: 2
A10: 2134.8839 | B10: 82.885 | C10: 2 | D10: 1661.5388 | E10: 69.81 | F10: 2
A11: 2302.1945 | B11: 21.575 | C11: 2 | D11: 2166.3718 | E11: 81.67 | F11: 2
A12: 2141.108 | B12: 78.08 | C12: 2 | D12: 1669.0912 | E12: 71.31 | F12: 2
A13: 2361.4149 | B13: 83.425 | C13: 2 | D13: 2172.7812 | E13: 80.995 | F13: 2
A14: 2147.3686 | B14: 67.89 | C14: 2 | D14: 2122.5435 | E14: 70.715 | F14: 2
... A64: 2068.7326 | B64: 27.35 | C64: 1 | D64: 1428.7941 | E64: 68.14 | F64: 1
A65: 1360.0003 | B65: 91.04 | C65: 1 | D65: Grand Total | E65: 72.749125 | F65: 80
A66: 2122.5435 | B66: 65.84 | C66: 1
A67: Grand Total | B67: 59.233125 | C67: 80

Sheet 2 Class Aggregate Wavelengths
A1: Method | B1: Run | C1: Tissue | D1: Class | E1: Wavelength | F1: Column Number | H1: Row Labels | I1: Count of Wavelength
A2: Interpretation | B2: P_0624R22C | C2: {=_xlfn.IFS(ISNUMBER(FIND("N",B2)),"Needles",ISNUMBER(FIND("P",B2)),"Phloem")} -> Phloem | D2: 2 | E2: 2134.8839 | F2: 60 | H2: 2160.0002 | I2: 7
A3: Interpretation | B3: P_0624R22C | C3: {=_xlfn.IFS(ISNUMBER(FIND("N",B3)),"Needles",ISNUMBER(FIND("P",B3)),"Phloem")} -> Phloem | D3: 2 | E3: 2153.6658 | F3: 57 | H3: Needles | I3: 3
A4: Interpretation | B4: P_0624R22C | C4: {=_xlfn.IFS(ISNUMBER(FIND("N",B4)),"Needles",ISNUMBER(FIND("P",B4)),"Phloem")} -> Phloem | D4: 2 | E4: 2128.6958 | F4: 61 | H4: Phloem | I4: 4
A5: Interpretation | B5: P_0624R22C | C5: {=_xlfn.IFS(ISNUMBER(FIND("N",B5)),"Needles",ISNUMBER(FIND("P",B5)),"Phloem")} -> Phloem | D5: 2 | E5: 2141.108 | F5: 59 | H5: 2153.6658 | I5: 6
A6: Interpretation | B6: P_0624R22C | C6: {=_xlfn.IFS(ISNUMBER(FIND("N",B6)),"Needles",ISNUMBER(FIND("P",B6)),"Phloem")} -> Phloem | D6: 2 | E6: 2160.0002 | F6: 56 | H6: Needles | I6: 2
A7: Interpretation | B7: P_0624R22C | C7: {=_xlfn.IFS(ISNUMBER(FIND("N",B7)),"Needles",ISNUMBER(FIND("P",B7)),"Phloem")} -> Phloem | D7: 2 | E7: 2147.3686 | F7: 58 | H7: Phloem | I7: 4
A8: Interpretation | B8: P_0624R22C | C8: {=_xlfn.IFS(ISNUMBER(FIND("N",B8)),"Needles",ISNUMBER(FIND("P",B8)),"Phloem")} -> Phloem | D8: 2 | E8: 2122.5435 | F8: 62 | H8: 2400.0001 | I8: 6
A9: Interpretation | B9: P_0624R22C | C9: {=_xlfn.IFS(ISNUMBER(FIND("N",B9)),"Needles",ISNUMBER(FIND("P",B9)),"Phloem")} -> Phloem | D9: 2 | E9: 2166.3718 | F9: 55 | H9: Needles | I9: 3
A10: Interpretation | B10: P_0624R22C | C10: {=_xlfn.IFS(ISNUMBER(FIND("N",B10)),"Needles",ISNUMBER(FIND("P",B10)),"Phloem")} -> Phloem | D10: 2 | E10: 2407.8689 | F10: 21 | H10: Phloem | I10: 3
A11: Interpretation | B11: P_0624R22C | C11: {=_xlfn.IFS(ISNUMBER(FIND("N",B11)),"Needles",ISNUMBER(FIND("P",B11)),"Phloem")} -> Phloem | D11: 2 | E11: 2116.4267 | F11: 63 | H11: 2141.108 | I11: 6
A12: Interpretation | B12: P_0624R22C | C12: {=_xlfn.IFS(ISNUMBER(FIND("N",B12)),"Needles",ISNUMBER(FIND("P",B12)),"Phloem")} -> Phloem | D12: 2 | E12: 2415.7895 | F12: 20 | H12: Needles | I12: 2
A13: Interpretation | B13: P_0624R22C | C13: {=_xlfn.IFS(ISNUMBER(FIND("N",B13)),"Needles",ISNUMBER(FIND("P",B13)),"Phloem")} -> Phloem | D13: 2 | E13: 2400.0001 | F13: 22 | H13: Phloem | I13: 4
A14: Interpretation | B14: P_0624R22C | C14: {=_xlfn.IFS(ISNUMBER(FIND("N",B14)),"Needles",ISNUMBER(FIND("P",B14)),"Phloem")} -> Phloem | D14: 2 | E14: 1420.5032 | F14: 233 | H14: 2172.7812 | I14: 5
A15: Interpretation | B15: P_0624R22C | C15: {=_xlfn.IFS(ISNUMBER(FIND("N",B15)),"Needles",ISNUMBER(FIND("P",B15)),"Phloem")} -> Phloem | D15: 2 | E15: 2205.4055 | F15: 49 | H15: Needles | I15: 2
A16: Interpretation | B16: P_0624R22C | C16: {=_xlfn.IFS(ISNUMBER(FIND("N",B16)),"Needles",ISNUMBER(FIND("P",B16)),"Phloem")} -> Phloem | D16: 2 | E16: 2028.7295 | F16: 78 | H16: Phloem | I16: 3
A17: Interpretation | B17: P_0624R22C | C17: {=_xlfn.IFS(ISNUMBER(FIND("N",B17)),"Needles",ISNUMBER(FIND("P",B17)),"Phloem")} -> Phloem | D17: 2 | E17: 1462.9485 | F17: 218 | H17: 2166.3718 | I17: 5
A18: Interpretation | B18: P_0624R22C | C18: {=_xlfn.IFS(ISNUMBER(FIND("N",B18)),"Needles",ISNUMBER(FIND("P",B18)),"Phloem")} -> Phloem | D18: 2 | E18: 1719.9066 | F18: 143 | H18: Needles | I18: 2
A19: Interpretation | B19: P_0824R22C | C19: {=_xlfn.IFS(ISNUMBER(FIND("N",B19)),"Needles",ISNUMBER(FIND("P",B19)),"Phloem")} -> Phloem | D19: 2 | E19: 2172.7812 | F19: 54 | H19: Phloem | I19: 3
A20: Prediction | B20: P_0624R22C | C20: {=_xlfn.IFS(ISNUMBER(FIND("N",B20)),"Needles",ISNUMBER(FIND("P",B20)),"Phloem")} -> Phloem | D20: {=_xlfn.IFS(ISNUMBER(FIND("R13C",B20)),3,ISNUMBER(FIND("R22C",B20)),2)} -> 2 | E20: =VLOOKUP(F20,ColRef!$A$2:$B$258,2,FALSE) -> 2134.8839 | F20: 60 | H20: 2134.8839 | I20: 4
A21: Prediction | B21: P_0624R22C | C21: {=_xlfn.IFS(ISNUMBER(FIND("N",B21)),"Needles",ISNUMBER(FIND("P",B21)),"Phloem")} -> Phloem | D21: {=_xlfn.IFS(ISNUMBER(FIND("R13C",B21)),3,ISNUMBER(FIND("R22C",B21)),2)} -> 2 | E21: =VLOOKUP(F21,ColRef!$A$2:$B$258,2,FALSE) -> 2153.6658 | F21: 57 | H21: Phloem | I21: 4
A22: Prediction | B22: P_0624R22C | C22: {=_xlfn.IFS(ISNUMBER(FIND("N",B22)),"Needles",ISNUMBER(FIND("P",B22)),"Phloem")} -> Phloem | D22: {=_xlfn.IFS(ISNUMBER(FIND("R13C",B22)),3,ISNUMBER(FIND("R22C",B22)),2)} -> 2 | E22: =VLOOKUP(F22,ColRef!$A$2:$B$258,2,FALSE) -> 2141.108 | F22: 59 | H22: 2407.8689 | I22: 4
A23: Prediction | B23: P_0624R22C | C23: {=_xlfn.IFS(ISNUMBER(FIND("N",B23)),"Needles",ISNUMBER(FIND("P",B23)),"Phloem")} -> Phloem | D23: {=_xlfn.IFS(ISNUMBER(FIND("R13C",B23)),3,ISNUMBER(FIND("R22C",B23)),2)} -> 2 | E23: =VLOOKUP(F23,ColRef!$A$2:$B$258,2,FALSE) -> 2160.0002 | F23: 56 | H23: Needles | I23: 2
A24: Prediction | B24: P_0624R22C | C24: {=_xlfn.IFS(ISNUMBER(FIND("N",B24)),"Needles",ISNUMBER(FIND("P",B24)),"Phloem")} -> Phloem | D24: {=_xlfn.IFS(ISNUMBER(FIND("R13C",B24)),3,ISNUMBER(FIND("R22C",B24)),2)} -> 2 | E24: =VLOOKUP(F24,ColRef!$A$2:$B$258,2,FALSE) -> 2166.3718 | F24: 55 | H24: Phloem | I24: 2
A25: Prediction | B25: P_0624R22C | C25: {=_xlfn.IFS(ISNUMBER(FIND("N",B25)),"Needles",ISNUMBER(FIND("P",B25)),"Phloem")} -> Phloem | D25: {=_xlfn.IFS(ISNUMBER(FIND("R13C",B25)),3,ISNUMBER(FIND("R22C",B25)),2)} -> 2 | E25: =VLOOKUP(F25,ColRef!$A$2:$B$258,2,FALSE) -> 2400.0001 | F25: 22 | H25: 1471.7438 | I25: 4
A26: Prediction | B26: P_0624R22C | C26: {=_xlfn.IFS(ISNUMBER(FIND("N",B26)),"Needles",ISNUMBER(FIND("P",B26)),"Phloem")} -> Phloem | D26: {=_xlfn.IFS(ISNUMBER(FIND("R13C",B26)),3,ISNUMBER(FIND("R22C",B26)),2)} -> 2 | E26: =VLOOKUP(F26,ColRef!$A$2:$B$258,2,FALSE) -> 1420.5032 | F26: 233 | H26: Needles | I26: 4
A27: Prediction | B27: P_0624R22C | C27: {=_xlfn.IFS(ISNUMBER(FIND("N",B27)),"Needles",ISNUMBER(FIND("P",B27)),"Phloem")} -> Phloem | D27: {=_xlfn.IFS(ISNUMBER(FIND("R13C",B27)),3,ISNUMBER(FIND("R22C",B27)),2)} -> 2 | E27: =VLOOKUP(F27,ColRef!$A$2:$B$258,2,FALSE) -> 1462.9485 | F27: 218 | H27: 1661.5388 | I27: 4
A28: Prediction | B28: P_0824R22C | C28: {=_xlfn.IFS(ISNUMBER(FIND("N",B28)),"Needles",ISNUMBER(FIND("P",B28)),"Phloem")} -> Phloem | D28: {=_xlfn.IFS(ISNUMBER(FIND("R13C",B28)),3,ISNUMBER(FIND("R22C",B28)),2)} -> 2 | E28: =VLOOKUP(F28,ColRef!$A$2:$B$258,2,FALSE) -> 2172.7812 | F28: 54 | H28: Needles | I28: 3
A29: VarImp | B29: P_0624R22C | C29: {=_xlfn.IFS(ISNUMBER(FIND("N",B29)),"Needles",ISNUMBER(FIND("P",B29)),"Phloem")} -> Phloem | D29: 2 | E29: 2160.0002 | F29: 56 | H29: Phloem | I29: 1
A30: VarImp | B30: P_0624R22C | C30: {=_xlfn.IFS(ISNUMBER(FIND("N",B30)),"Needles",ISNUMBER(FIND("P",B30)),"Phloem")} -> Phloem | D30: 2 | E30: 2147.3686 | F30: 58 | H30: 2147.3686 | I30: 4
A31: VarImp | B31: P_0624R22C | C31: {=_xlfn.IFS(ISNUMBER(FIND("N",B31)),"Needles",ISNUMBER(FIND("P",B31)),"Phloem")} -> Phloem | D31: 2 | E31: 2153.6658 | F31: 57 | H31: Needles | I31: 1
A32: VarImp | B32: P_0624R22C | C32: {=_xlfn.IFS(ISNUMBER(FIND("N",B32)),"Needles",ISNUMBER(FIND("P",B32)),"Phloem")} -> Phloem | D32: 2 | E32: 2141.108 | F32: 59 | H32: Phloem | I32: 3
A33: VarImp | B33: P_0624R22C | C33: {=_xlfn.IFS(ISNUMBER(FIND("N",B33)),"Needles",ISNUMBER(FIND("P",B33)),"Phloem")} -> Phloem | D33: 2 | E33: 2128.6958 | F33: 61 | H33: 2001.0901 | I33: 4
A34: VarImp | B34: P_0624R22C | C34: {=_xlfn.IFS(ISNUMBER(FIND("N",B34)),"Needles",ISNUMBER(FIND("P",B34)),"Phloem")} -> Phloem | D34: 2 | E34: 2122.5435 | F34: 62 | H34: Needles | I34: 4
A35: VarImp | B35: P_0624R22C | C35: {=_xlfn.IFS(ISNUMBER(FIND("N",B35)),"Needles",ISNUMBER(FIND("P",B35)),"Phloem")} -> Phloem | D35: 2 | E35: 2134.8839 | F35: 60 | H35: 2353.8462 | I35: 3
A36: VarImp | B36: P_0624R22C | C36: {=_xlfn.IFS(ISNUMBER(FIND("N",B36)),"Needles",ISNUMBER(FIND("P",B36)),"Phloem")} -> Phloem | D36: 2 | E36: 2023.1407 | F36: 79 | H36: Needles | I36: 3
A37: VarImp | B37: P_0624R22C | C37: {=_xlfn.IFS(ISNUMBER(FIND("N",B37)),"Needles",ISNUMBER(FIND("P",B37)),"Phloem")} -> Phloem | D37: 2 | E37: 1462.9485 | F37: 218 | H37: 1468.8003 | I37: 3
A38: VarImp | B38: P_0624R22C | C38: {=_xlfn.IFS(ISNUMBER(FIND("N",B38)),"Needles",ISNUMBER(FIND("P",B38)),"Phloem")} -> Phloem | D38: 2 | E38: 2384.4156 | F38: 24 | H38: Needles | I38: 3
A39: VarImp | B39: P_0624R22C | C39: {=_xlfn.IFS(ISNUMBER(FIND("N",B39)),"Needles",ISNUMBER(FIND("P",B39)),"Phloem")} -> Phloem | D39: 2 | E39: 2415.7895 | F39: 20 | H39: 1462.9485 | I39: 3
A40: VarImp | B40: P_0624R22C | C40: {=_xlfn.IFS(ISNUMBER(FIND("N",B40)),"Needles",ISNUMBER(FIND("P",B40)),"Phloem")} -> Phloem | D40: 2 | E40: 2116.4267 | F40: 63 | H40: Phloem | I40: 3
A41: VarImp | B41: P_0624R22C | C41: {=_xlfn.IFS(ISNUMBER(FIND("N",B41)),"Needles",ISNUMBER(FIND("P",B41)),"Phloem")} -> Phloem | D41: 2 | E41: 2400.0001 | F41: 22 | H41: 1665.3064 | I41: 3
A42: VarImp | B42: P_0624R22C | C42: {=_xlfn.IFS(ISNUMBER(FIND("N",B42)),"Needles",ISNUMBER(FIND("P",B42)),"Phloem")} -> Phloem | D42: 2 | E42: 2407.8689 | F42: 21 | H42: Needles | I42: 2
A43: VarImp | B43: P_0624R22C | C43: {=_xlfn.IFS(ISNUMBER(FIND("N",B43)),"Needles",ISNUMBER(FIND("P",B43)),"Phloem")} -> Phloem | D43: 2 | E43: 1428.7941 | F43: 230 | H43: Phloem | I43: 1
A44: VarImp | B44: P_0624R22C | C44: {=_xlfn.IFS(ISNUMBER(FIND("N",B44)),"Needles",ISNUMBER(FIND("P",B44)),"Phloem")} -> Phloem | D44: 2 | E44: 2028.7295 | F44: 78 | H44: 1511.1114 | I44: 3
A45: VarImp | B45: P_0624R22C | C45: {=_xlfn.IFS(ISNUMBER(FIND("N",B45)),"Needles",ISNUMBER(FIND("P",B45)),"Phloem")} -> Phloem | D45: 2 | E45: 2431.7881 | F45: 18 | H45: Needles | I45: 3
A46: VarImp | B46: P_0624R22C | C46: {=_xlfn.IFS(ISNUMBER(FIND("N",B46)),"Needles",ISNUMBER(FIND("P",B46)),"Phloem")} -> Phloem | D46: 2 | E46: 1465.8686 | F46: 217 | H46: 1696.0742 | I46: 3
A47: VarImp | B47: P_0624R22C | C47: {=_xlfn.IFS(ISNUMBER(FIND("N",B47)),"Needles",ISNUMBER(FIND("P",B47)),"Phloem")} -> Phloem | D47: 2 | E47: 2376.6991 | F47: 25 | H47: Needles | I47: 3
A48: VarImp | B48: P_0624R22C | C48: {=_xlfn.IFS(ISNUMBER(FIND("N",B48)),"Needles",ISNUMBER(FIND("P",B48)),"Phloem")} -> Phloem | D48: 2 | E48: 2423.7624 | F48: 19 | H48: 2361.4149 | I48: 3
A49: VarImp | B49: P_0824R22C | C49: {=_xlfn.IFS(ISNUMBER(FIND("N",B49)),"Needles",ISNUMBER(FIND("P",B49)),"Phloem")} -> Phloem | D49: 2 | E49: 2166.3718 | F49: 55 | H49: Needles | I49: 3
A50: VarImp | B50: P_0824R22C | C50: {=_xlfn.IFS(ISNUMBER(FIND("N",B50)),"Needles",ISNUMBER(FIND("P",B50)),"Phloem")} -> Phloem | D50: 2 | E50: 2172.7812 | F50: 54 | H50: 2028.7295 | I50: 3
A51: VarImp | B51: P_0824R22C | C51: {=_xlfn.IFS(ISNUMBER(FIND("N",B51)),"Needles",ISNUMBER(FIND("P",B51)),"Phloem")} -> Phloem | D51: 2 | E51: 2160.0002 | F51: 56 | H51: Needles | I51: 1
A52: VarImp | B52: P_0824R22C | C52: {=_xlfn.IFS(ISNUMBER(FIND("N",B52)),"Needles",ISNUMBER(FIND("P",B52)),"Phloem")} -> Phloem | D52: 2 | E52: 2179.2286 | F52: 53 | H52: Phloem | I52: 2
A53: VarImp | B53: P_0824R22C | C53: {=_xlfn.IFS(ISNUMBER(FIND("N",B53)),"Needles",ISNUMBER(FIND("P",B53)),"Phloem")} -> Phloem | D53: 2 | E53: 1661.5388 | F53: 158 | H53: 2122.5435 | I53: 3
A54: VarImp | B54: P_0824R22C | C54: {=_xlfn.IFS(ISNUMBER(FIND("N",B54)),"Needles",ISNUMBER(FIND("P",B54)),"Phloem")} -> Phloem | D54: 2 | E54: 2153.6658 | F54: 57 | H54: Phloem | I54: 3
A55: VarImp | B55: P_0824R22C | C55: {=_xlfn.IFS(ISNUMBER(FIND("N",B55)),"Needles",ISNUMBER(FIND("P",B55)),"Phloem")} -> Phloem | D55: 2 | E55: 2185.7144 | F55: 52 | H55: 2369.0323 | I55: 2
A56: VarImp | B56: P_0824R22C | C56: {=_xlfn.IFS(ISNUMBER(FIND("N",B56)),"Needles",ISNUMBER(FIND("P",B56)),"Phloem")} -> Phloem | D56: 2 | E56: 2122.5435 | F56: 62 | H56: Needles | I56: 2
A57: VarImp | B57: P_0824R22C | C57: {=_xlfn.IFS(ISNUMBER(FIND("N",B57)),"Needles",ISNUMBER(FIND("P",B57)),"Phloem")} -> Phloem | D57: 2 | E57: 2192.239 | F57: 51 | H57: 1669.0912 | I57: 2
A58: VarImp | B58: P_0824R22C | C58: {=_xlfn.IFS(ISNUMBER(FIND("N",B58)),"Needles",ISNUMBER(FIND("P",B58)),"Phloem")} -> Phloem | D58: 2 | E58: 1822.3328 | F58: 119 | H58: Needles | I58: 2
A59: VarImp | B59: P_0824R22C | C59: {=_xlfn.IFS(ISNUMBER(FIND("N",B59)),"Needles",ISNUMBER(FIND("P",B59)),"Phloem")} -> Phloem | D59: 2 | E59: 2134.8839 | F59: 60 | H59: 2346.326 | I59: 2
A60: VarImp | B60: P_0824R22C | C60: {=_xlfn.IFS(ISNUMBER(FIND("N",B60)),"Needles",ISNUMBER(FIND("P",B60)),"Phloem")} -> Phloem | D60: 2 | E60: 2147.3686 | F60: 58 | H60: Needles | I60: 2
A61: VarImp | B61: P_0824R22C | C61: {=_xlfn.IFS(ISNUMBER(FIND("N",B61)),"Needles",ISNUMBER(FIND("P",B61)),"Phloem")} -> Phloem | D61: 2 | E61: 1813.3336 | F61: 121 | H61: 1692.1662 | I61: 2
A62: VarImp | B62: P_0824R22C | C62: {=_xlfn.IFS(ISNUMBER(FIND("N",B62)),"Needles",ISNUMBER(FIND("P",B62)),"Phloem")} -> Phloem | D62: 2 | E62: 1642.9533 | F62: 163 | H62: Needles | I62: 2
A63: VarImp | B63: P_0824R22C | C63: {=_xlfn.IFS(ISNUMBER(FIND("N",B63)),"Needles",ISNUMBER(FIND("P",B63)),"Phloem")} -> Phloem | D63: 2 | E63: 1817.822 | F63: 120 | H63: 2415.7895 | I63: 2
A64: VarImp | B64: P_0824R22C | C64: {=_xlfn.IFS(ISNUMBER(FIND("N",B64)),"Needles",ISNUMBER(FIND("P",B64)),"Phloem")} -> Phloem | D64: 2 | E64: 1665.3064 | F64: 157 | H64: Phloem | I64: 2
A65: VarImp | B65: P_0824R22C | C65: {=_xlfn.IFS(ISNUMBER(FIND("N",B65)),"Needles",ISNUMBER(FIND("P",B65)),"Phloem")} -> Phloem | D65: 2 | E65: 1672.8932 | F65: 155 | H65: 1420.5032 | I65: 2
A66: VarImp | B66: P_0824R22C | C66: {=_xlfn.IFS(ISNUMBER(FIND("N",B66)),"Needles",ISNUMBER(FIND("P",B66)),"Phloem")} -> Phloem | D66: 2 | E66: 2448 | F66: 16 | H66: Phloem | I66: 2
A67: VarImp | B67: P_0824R22C | C67: {=_xlfn.IFS(ISNUMBER(FIND("N",B67)),"Needles",ISNUMBER(FIND("P",B67)),"Phloem")} -> Phloem | D67: 2 | E67: 1808.8673 | F67: 122 | H67: 2128.6958 | I67: 2
A68: VarImp | B68: P_0824R22C | C68: {=_xlfn.IFS(ISNUMBER(FIND("N",B68)),"Needles",ISNUMBER(FIND("P",B68)),"Phloem")} -> Phloem | D68: 2 | E68: 2141.108 | F68: 59 | H68: Phloem | I68: 2
A69: Interpretation | B69: N_0624R22C | C69: {=_xlfn.IFS(ISNUMBER(FIND("N",B69)),"Needles",ISNUMBER(FIND("P",B69)),"Phloem")} -> Needles | D69: 2 | E69: 2160.0002 | F69: 56 | H69: 1990.2441 | I69: 2
A70: Interpretation | B70: N_0624R22C | C70: {=_xlfn.IFS(ISNUMBER(FIND("N",B70)),"Needles",ISNUMBER(FIND("P",B70)),"Phloem")} -> Needles | D70: 2 | E70: 1511.1114 | F70: 202 | H70: Needles | I70: 2
A71: Interpretation | B71: N_0624R22C | C71: {=_xlfn.IFS(ISNUMBER(FIND("N",B71)),"Needles",ISNUMBER(FIND("P",B71)),"Phloem")} -> Needles | D71: 2 | E71: 2153.6658 | F71: 57 | H71: 2116.4267 | I71: 2
A72: Interpretation | B72: N_0624R22C | C72: {=_xlfn.IFS(ISNUMBER(FIND("N",B72)),"Needles",ISNUMBER(FIND("P",B72)),"Phloem")} -> Needles | D72: 2 | E72: 2166.3718 | F72: 55 | H72: Phloem | I72: 2
A73: Interpretation | B73: N_0624R22C | C73: {=_xlfn.IFS(ISNUMBER(FIND("N",B73)),"Needles",ISNUMBER(FIND("P",B73)),"Phloem")} -> Needles | D73: 2 | E73: 2400.0001 | F73: 22 | H73: 2384.4156 | I73: 1
A74: Interpretation | B74: N_0624R22C | C74: {=_xlfn.IFS(ISNUMBER(FIND("N",B74)),"Needles",ISNUMBER(FIND("P",B74)),"Phloem")} -> Needles | D74: 2 | E74: 1665.3064 | F74: 157 | H74: Phloem | I74: 1
A75: Interpretation | B75: N_0624R22C | C75: {=_xlfn.IFS(ISNUMBER(FIND("N",B75)),"Needles",ISNUMBER(FIND("P",B75)),"Phloem")} -> Needles | D75: 2 | E75: 2147.3686 | F75: 58 | H75: 2205.4055 | I75: 1
A76: Interpretation | B76: N_0624R22C | C76: {=_xlfn.IFS(ISNUMBER(FIND("N",B76)),"Needles",ISNUMBER(FIND("P",B76)),"Phloem")} -> Needles | D76: 2 | E76: 2034.3492 | F76: 77 | H76: Phloem | I76: 1
A77: Interpretation | B77: N_0624R22C | C77: {=_xlfn.IFS(ISNUMBER(FIND("N",B77)),"Needles",ISNUMBER(FIND("P",B77)),"Phloem")} -> Needles | D77: 2 | E77: 2172.7812 | F77: 54 | H77: 2456.1873 | I77: 1
A78: Interpretation | B78: N_0624R22C | C78: {=_xlfn.IFS(ISNUMBER(FIND("N",B78)),"Needles",ISNUMBER(FIND("P",B78)),"Phloem")} -> Needles | D78: 2 | E78: 1661.5388 | F78: 158 | H78: Needles | I78: 1
A79: Interpretation | B79: N_0624R22C | C79: {=_xlfn.IFS(ISNUMBER(FIND("N",B79)),"Needles",ISNUMBER(FIND("P",B79)),"Phloem")} -> Needles | D79: 2 | E79: 2392.1825 | F79: 23 | H79: 1963.6366 | I79: 1
A80: Interpretation | B80: N_0624R22C | C80: {=_xlfn.IFS(ISNUMBER(FIND("N",B80)),"Needles",ISNUMBER(FIND("P",B80)),"Phloem")} -> Needles | D80: 2 | E80: 1514.2271 | F80: 201 | H80: Needles | I80: 1
A81: Interpretation | B81: N_0624R22C | C81: {=_xlfn.IFS(ISNUMBER(FIND("N",B81)),"Needles",ISNUMBER(FIND("P",B81)),"Phloem")} -> Needles | D81: 2 | E81: 2028.7295 | F81: 78 | H81: 1817.822 | I81: 1
A82: Interpretation | B82: N_0624R22C | C82: {=_xlfn.IFS(ISNUMBER(FIND("N",B82)),"Needles",ISNUMBER(FIND("P",B82)),"Phloem")} -> Needles | D82: 2 | E82: 2324.0507 | F82: 32 | H82: Phloem | I82: 1
A83: Interpretation | B83: N_0624R22C | C83: {=_xlfn.IFS(ISNUMBER(FIND("N",B83)),"Needles",ISNUMBER(FIND("P",B83)),"Phloem")} -> Needles | D83: 2 | E83: 2141.108 | F83: 59 | H83: 1672.8932 | I83: 1
A84: Interpretation | B84: N_0624R22C | C84: {=_xlfn.IFS(ISNUMBER(FIND("N",B84)),"Needles",ISNUMBER(FIND("P",B84)),"Phloem")} -> Needles | D84: 2 | E84: 2407.8689 | F84: 21 | H84: Phloem | I84: 1
A85: Interpretation | B85: N_0624R22C | C85: {=_xlfn.IFS(ISNUMBER(FIND("N",B85)),"Needles",ISNUMBER(FIND("P",B85)),"Phloem")} -> Needles | D85: 2 | E85: 1990.2441 | F85: 85 | H85: 1953.1917 | I85: 1
A86: Interpretation | B86: N_0624R22C | C86: {=_xlfn.IFS(ISNUMBER(FIND("N",B86)),"Needles",ISNUMBER(FIND("P",B86)),"Phloem")} -> Needles | D86: 2 | E86: 1471.7438 | F86: 215 | H86: Needles | I86: 1
A87: Interpretation | B87: N_0824R22C | C87: {=_xlfn.IFS(ISNUMBER(FIND("N",B87)),"Needles",ISNUMBER(FIND("P",B87)),"Phloem")} -> Needles | D87: 2 | E87: 2353.8462 | F87: 28 | H87: 1995.6524 | I87: 1
A88: Interpretation | B88: N_0824R22C | C88: {=_xlfn.IFS(ISNUMBER(FIND("N",B88)),"Needles",ISNUMBER(FIND("P",B88)),"Phloem")} -> Needles | D88: 2 | E88: 2361.4149 | F88: 27 | H88: Needles | I88: 1
A89: Interpretation | B89: N_0824R22C | C89: {=_xlfn.IFS(ISNUMBER(FIND("N",B89)),"Needles",ISNUMBER(FIND("P",B89)),"Phloem")} -> Needles | D89: 2 | E89: 1696.0742 | F89: 149 | H89: 2185.7144 | I89: 1
A90: Interpretation | B90: N_0824R22C | C90: {=_xlfn.IFS(ISNUMBER(FIND("N",B90)),"Needles",ISNUMBER(FIND("P",B90)),"Phloem")} -> Needles | D90: 2 | E90: 2001.0901 | F90: 83 | H90: Phloem | I90: 1
A91: Interpretation | B91: N_0824R22C | C91: {=_xlfn.IFS(ISNUMBER(FIND("N",B91)),"Needles",ISNUMBER(FIND("P",B91)),"Phloem")} -> Needles | D91: 2 | E91: 1692.1662 | F91: 150 | H91: 1409.5972 | I91: 1
A92: Interpretation | B92: N_0824R22C | C92: {=_xlfn.IFS(ISNUMBER(FIND("N",B92)),"Needles",ISNUMBER(FIND("P",B92)),"Phloem")} -> Needles | D92: 2 | E92: 2369.0323 | F92: 26 | H92: Needles | I92: 1
A93: Interpretation | B93: N_0824R22C | C93: {=_xlfn.IFS(ISNUMBER(FIND("N",B93)),"Needles",ISNUMBER(FIND("P",B93)),"Phloem")} -> Needles | D93: 2 | E93: 1468.8003 | F93: 216 | H93: 2324.0507 | I93: 1
A94: Interpretation | B94: N_0824R22C | C94: {=_xlfn.IFS(ISNUMBER(FIND("N",B94)),"Needles",ISNUMBER(FIND("P",B94)),"Phloem")} -> Needles | D94: 2 | E94: 2346.326 | F94: 29 | H94: Needles | I94: 1
A95: Prediction | B95: N_0624R22C | C95: {=_xlfn.IFS(ISNUMBER(FIND("N",B95)),"Needles",ISNUMBER(FIND("P",B95)),"Phloem")} -> Needles | D95: {=_xlfn.IFS(ISNUMBER(FIND("R13C",B95)),3,ISNUMBER(FIND("R22C",B95)),2)} -> 2 | E95: =VLOOKUP(F95,ColRef!$A$2:$B$258,2,FALSE) -> 2160.0002 | F95: 56 | H95: 2006.5576 | I95: 1
A96: Prediction | B96: N_0624R22C | C96: {=_xlfn.IFS(ISNUMBER(FIND("N",B96)),"Needles",ISNUMBER(FIND("P",B96)),"Phloem")} -> Needles | D96: {=_xlfn.IFS(ISNUMBER(FIND("R13C",B96)),3,ISNUMBER(FIND("R22C",B96)),2)} -> 2 | E96: =VLOOKUP(F96,ColRef!$A$2:$B$258,2,FALSE) -> 1511.1114 | F96: 202 | H96: Needles | I96: 1
A97: Prediction | B97: N_0624R22C | C97: {=_xlfn.IFS(ISNUMBER(FIND("N",B97)),"Needles",ISNUMBER(FIND("P",B97)),"Phloem")} -> Needles | D97: {=_xlfn.IFS(ISNUMBER(FIND("R13C",B97)),3,ISNUMBER(FIND("R22C",B97)),2)} -> 2 | E97: =VLOOKUP(F97,ColRef!$A$2:$B$258,2,FALSE) -> 2400.0001 | F97: 22 | H97: 1912.5002 | I97: 1
A98: Prediction | B98: N_0624R22C | C98: {=_xlfn.IFS(ISNUMBER(FIND("N",B98)),"Needles",ISNUMBER(FIND("P",B98)),"Phloem")} -> Needles | D98: {=_xlfn.IFS(ISNUMBER(FIND("R13C",B98)),3,ISNUMBER(FIND("R22C",B98)),2)} -> 2 | E98: =VLOOKUP(F98,ColRef!$A$2:$B$258,2,FALSE) -> 1665.3064 | F98: 157 | H98: Needles | I98: 1
A99: Prediction | B99: N_0624R22C | C99: {=_xlfn.IFS(ISNUMBER(FIND("N",B99)),"Needles",ISNUMBER(FIND("P",B99)),"Phloem")} -> Needles | D99: {=_xlfn.IFS(ISNUMBER(FIND("R13C",B99)),3,ISNUMBER(FIND("R22C",B99)),2)} -> 2 | E99: =VLOOKUP(F99,ColRef!$A$2:$B$258,2,FALSE) -> 1661.5388 | F99: 158 | H99: 2017.5826 | I99: 1
A100: Prediction | B100: N_0624R22C | C100: {=_xlfn.IFS(ISNUMBER(FIND("N",B100)),"Needles",ISNUMBER(FIND("P",B100)),"Phloem")} -> Needles | D100: {=_xlfn.IFS(ISNUMBER(FIND("R13C",B100)),3,ISNUMBER(FIND("R22C",B100)),2)} -> 2 | E100: =VLOOKUP(F100,ColRef!$A$2:$B$258,2,FALSE) -> 1990.2441 | F100: 85 | H100: Needles | I100: 1
...

Sheet 2 Class Phloem Aggregate
A1: Method | B1: Run | C1: Tissue | D1: Class | E1: Wavelength | F1: Column Number | H1: Wavelength (nm) | I1: Frequency | J1: Corresponding Chemical (curran 1989)
A2: Interpretation | B2: P_0624R22C | C2: {=_xlfn.IFS(ISNUMBER(FIND("N",B2)),"Needles",ISNUMBER(FIND("P",B2)),"Phloem")} -> Phloem | D2: 2 | E2: 2134.8839 | F2: 60 | H2: 2141.108 | I2: 4 | J2: 2.13-2.18 - Protein - Protein,nitrogen
A3: Interpretation | B3: P_0624R22C | C3: {=_xlfn.IFS(ISNUMBER(FIND("N",B3)),"Needles",ISNUMBER(FIND("P",B3)),"Phloem")} -> Phloem | D3: 2 | E3: 2153.6658 | F3: 57 | H3: 2153.6658 | I3: 4 | J3: 2.13-2.18 - Protein - Protein,nitrogen
A4: Interpretation | B4: P_0624R22C | C4: {=_xlfn.IFS(ISNUMBER(FIND("N",B4)),"Needles",ISNUMBER(FIND("P",B4)),"Phloem")} -> Phloem | D4: 2 | E4: 2128.6958 | F4: 61 | H4: 2160.0002 | I4: 4 | J4: 2.13-2.18 - Protein - Protein,nitrogen
A5: Interpretation | B5: P_0624R22C | C5: {=_xlfn.IFS(ISNUMBER(FIND("N",B5)),"Needles",ISNUMBER(FIND("P",B5)),"Phloem")} -> Phloem | D5: 2 | E5: 2141.108 | F5: 59 | H5: 2134.8839 | I5: 4 | J5: 2.13-2.18 - Protein - Protein,nitrogen
A6: Interpretation | B6: P_0624R22C | C6: {=_xlfn.IFS(ISNUMBER(FIND("N",B6)),"Needles",ISNUMBER(FIND("P",B6)),"Phloem")} -> Phloem | D6: 2 | E6: 2160.0002 | F6: 56 | H6: 2166.3718 | I6: 3 | J6: 2.13-2.18 - Protein - Protein,nitrogen
A7: Interpretation | B7: P_0624R22C | C7: {=_xlfn.IFS(ISNUMBER(FIND("N",B7)),"Needles",ISNUMBER(FIND("P",B7)),"Phloem")} -> Phloem | D7: 2 | E7: 2147.3686 | F7: 58 | H7: 1462.9485 | I7: 3 | J7: 1.45-1.49 - starch, sugar, lignin, water - cellulose, sugar
A8: Interpretation | B8: P_0624R22C | C8: {=_xlfn.IFS(ISNUMBER(FIND("N",B8)),"Needles",ISNUMBER(FIND("P",B8)),"Phloem")} -> Phloem | D8: 2 | E8: 2122.5435 | F8: 62 | H8: 2147.3686 | I8: 3 | J8: 2.13-2.18 - Protein - Protein,nitrogen
A9: Interpretation | B9: P_0624R22C | C9: {=_xlfn.IFS(ISNUMBER(FIND("N",B9)),"Needles",ISNUMBER(FIND("P",B9)),"Phloem")} -> Phloem | D9: 2 | E9: 2166.3718 | F9: 55 | H9: 2400.0001 | I9: 3 | J9: > 2.35 - cellulose, protein, nitrogen
A10: Interpretation | B10: P_0624R22C | C10: {=_xlfn.IFS(ISNUMBER(FIND("N",B10)),"Needles",ISNUMBER(FIND("P",B10)),"Phloem")} -> Phloem | D10: 2 | E10: 2407.8689 | F10: 21 | H10: 2172.7812 | I10: 3 | J10: 2.13-2.18 - Protein - Protein,nitrogen
A11: Interpretation | B11: P_0624R22C | C11: {=_xlfn.IFS(ISNUMBER(FIND("N",B11)),"Needles",ISNUMBER(FIND("P",B11)),"Phloem")} -> Phloem | D11: 2 | E11: 2116.4267 | F11: 63 | H11: 2122.5435 | I11: 3 | J11: 2.10-2.13- Starch, cellulose - Protein
A12: Interpretation | B12: P_0624R22C | C12: {=_xlfn.IFS(ISNUMBER(FIND("N",B12)),"Needles",ISNUMBER(FIND("P",B12)),"Phloem")} -> Phloem | D12: 2 | E12: 2415.7895 | F12: 20 | H12: 2407.8689 | I12: 2 | J12: > 2.35 - cellulose, protein, nitrogen
A13: Interpretation | B13: P_0624R22C | C13: {=_xlfn.IFS(ISNUMBER(FIND("N",B13)),"Needles",ISNUMBER(FIND("P",B13)),"Phloem")} -> Phloem | D13: 2 | E13: 2400.0001 | F13: 22 | H13: 1420.5032 | I13: 2 | J13: 1.42 - 1.49 - lignin - starch, sugar, lignin, water
... A19: Interpretation | B19: P_0824R22C | C19: {=_xlfn.IFS(ISNUMBER(FIND("N",B19)),"Needles",ISNUMBER(FIND("P",B19)),"Phloem")} -> Phloem | D19: 2 | E19: 2172.7812 | F19: 54 | H19: 1808.8673 | I19: 1 | J19: 1.78-1.82 - cellulose,sugar,starch-cellulose
A20: Prediction | B20: P_0624R22C | C20: {=_xlfn.IFS(ISNUMBER(FIND("N",B20)),"Needles",ISNUMBER(FIND("P",B20)),"Phloem")} -> Phloem | D20: {=_xlfn.IFS(ISNUMBER(FIND("R13C",B20)),3,ISNUMBER(FIND("R22C",B20)),2)} -> 2 | E20: =VLOOKUP(F20,ColRef!$A$2:$B$258,2,FALSE) -> 2134.8839 | F20: 60 | H20: 1428.7941 | I20: 1 | J20: 1.42-1.45 - lignin - starch,sugar,lignin,water
A21: Prediction | B21: P_0624R22C | C21: {=_xlfn.IFS(ISNUMBER(FIND("N",B21)),"Needles",ISNUMBER(FIND("P",B21)),"Phloem")} -> Phloem | D21: {=_xlfn.IFS(ISNUMBER(FIND("R13C",B21)),3,ISNUMBER(FIND("R22C",B21)),2)} -> 2 | E21: =VLOOKUP(F21,ColRef!$A$2:$B$258,2,FALSE) -> 2153.6658 | F21: 57 | H21: 2179.2286 | I21: 1 | J21: 2.13-2.18 - Protein - Protein,nitrogen
A22: Prediction | B22: P_0624R22C | C22: {=_xlfn.IFS(ISNUMBER(FIND("N",B22)),"Needles",ISNUMBER(FIND("P",B22)),"Phloem")} -> Phloem | D22: {=_xlfn.IFS(ISNUMBER(FIND("R13C",B22)),3,ISNUMBER(FIND("R22C",B22)),2)} -> 2 | E22: =VLOOKUP(F22,ColRef!$A$2:$B$258,2,FALSE) -> 2141.108 | F22: 59 | H22: 1672.8932 | I22: 1 | J22: 1.58-1.69 - starch,sugar-lignin,starch,protein,nitrogen
A23: Prediction | B23: P_0624R22C | C23: {=_xlfn.IFS(ISNUMBER(FIND("N",B23)),"Needles",ISNUMBER(FIND("P",B23)),"Phloem")} -> Phloem | D23: {=_xlfn.IFS(ISNUMBER(FIND("R13C",B23)),3,ISNUMBER(FIND("R22C",B23)),2)} -> 2 | E23: =VLOOKUP(F23,ColRef!$A$2:$B$258,2,FALSE) -> 2160.0002 | F23: 56 | H23: 2448 | I23: 1 | J23: > 2.35 - cellulose, protein, nitrogen
A24: Prediction | B24: P_0624R22C | C24: {=_xlfn.IFS(ISNUMBER(FIND("N",B24)),"Needles",ISNUMBER(FIND("P",B24)),"Phloem")} -> Phloem | D24: {=_xlfn.IFS(ISNUMBER(FIND("R13C",B24)),3,ISNUMBER(FIND("R22C",B24)),2)} -> 2 | E24: =VLOOKUP(F24,ColRef!$A$2:$B$258,2,FALSE) -> 2166.3718 | F24: 55 | H24: 1465.8686 | I24: 1 | J24: 1.45-1.49 - starch,sugar,lignin,water-cellulose,sugar
A25: Prediction | B25: P_0624R22C | C25: {=_xlfn.IFS(ISNUMBER(FIND("N",B25)),"Needles",ISNUMBER(FIND("P",B25)),"Phloem")} -> Phloem | D25: {=_xlfn.IFS(ISNUMBER(FIND("R13C",B25)),3,ISNUMBER(FIND("R22C",B25)),2)} -> 2 | E25: =VLOOKUP(F25,ColRef!$A$2:$B$258,2,FALSE) -> 2400.0001 | F25: 22 | H25: 2384.4156 | I25: 1 | J25: > 2.35 - cellulose, protein, nitrogen
A26: Prediction | B26: P_0624R22C | C26: {=_xlfn.IFS(ISNUMBER(FIND("N",B26)),"Needles",ISNUMBER(FIND("P",B26)),"Phloem")} -> Phloem | D26: {=_xlfn.IFS(ISNUMBER(FIND("R13C",B26)),3,ISNUMBER(FIND("R22C",B26)),2)} -> 2 | E26: =VLOOKUP(F26,ColRef!$A$2:$B$258,2,FALSE) -> 1420.5032 | F26: 233 | H26: 1813.3336 | I26: 1 | J26: 1.78-1.82 - cellulose,sugar,starch-cellulose
A27: Prediction | B27: P_0624R22C | C27: {=_xlfn.IFS(ISNUMBER(FIND("N",B27)),"Needles",ISNUMBER(FIND("P",B27)),"Phloem")} -> Phloem | D27: {=_xlfn.IFS(ISNUMBER(FIND("R13C",B27)),3,ISNUMBER(FIND("R22C",B27)),2)} -> 2 | E27: =VLOOKUP(F27,ColRef!$A$2:$B$258,2,FALSE) -> 1462.9485 | F27: 218 | H27: 2376.6991 | I27: 1 | J27: > 2.35 - cellulose, protein, nitrogen
A28: Prediction | B28: P_0824R22C | C28: {=_xlfn.IFS(ISNUMBER(FIND("N",B28)),"Needles",ISNUMBER(FIND("P",B28)),"Phloem")} -> Phloem | D28: {=_xlfn.IFS(ISNUMBER(FIND("R13C",B28)),3,ISNUMBER(FIND("R22C",B28)),2)} -> 2 | E28: =VLOOKUP(F28,ColRef!$A$2:$B$258,2,FALSE) -> 2172.7812 | F28: 54 | H28: 1719.9066 | I28: 1 | J28: 1.69-1.78-lignin,starch,protein,nitrogen-cellulose,sugar,starch
A29: VarImp | B29: P_0624R22C | C29: {=_xlfn.IFS(ISNUMBER(FIND("N",B29)),"Needles",ISNUMBER(FIND("P",B29)),"Phloem")} -> Phloem | D29: 2 | E29: 2160.0002 | F29: 56 | H29: 2431.7881 | I29: 1 | J29: > 2.35 - cellulose, protein, nitrogen
A30: VarImp | B30: P_0624R22C | C30: {=_xlfn.IFS(ISNUMBER(FIND("N",B30)),"Needles",ISNUMBER(FIND("P",B30)),"Phloem")} -> Phloem | D30: 2 | E30: 2147.3686 | F30: 58 | H30: 1665.3064 | I30: 1 | J30: 1.58-1.69 - starch,sugar-lignin,starch,protein,nitrogen
A31: VarImp | B31: P_0624R22C | C31: {=_xlfn.IFS(ISNUMBER(FIND("N",B31)),"Needles",ISNUMBER(FIND("P",B31)),"Phloem")} -> Phloem | D31: 2 | E31: 2153.6658 | F31: 57 | H31: 2423.7624 | I31: 1 | J31: > 2.35 - cellulose, protein, nitrogen
A32: VarImp | B32: P_0624R22C | C32: {=_xlfn.IFS(ISNUMBER(FIND("N",B32)),"Needles",ISNUMBER(FIND("P",B32)),"Phloem")} -> Phloem | D32: 2 | E32: 2141.108 | F32: 59 | H32: 1642.9533 | I32: 1 | J32: 1.58-1.69 - starch,sugar-lignin,starch,protein,nitrogen
A33: VarImp | B33: P_0624R22C | C33: {=_xlfn.IFS(ISNUMBER(FIND("N",B33)),"Needles",ISNUMBER(FIND("P",B33)),"Phloem")} -> Phloem | D33: 2 | E33: 2128.6958 | F33: 61 | H33: 2185.7144 | I33: 1 | J33: 2.18-2.24-protein,nitrogen-protein
A34: VarImp | B34: P_0624R22C | C34: {=_xlfn.IFS(ISNUMBER(FIND("N",B34)),"Needles",ISNUMBER(FIND("P",B34)),"Phloem")} -> Phloem | D34: 2 | E34: 2122.5435 | F34: 62 | H34: 2192.239 | I34: 1 | J34: 2.18-2.24-protein,nitrogen-protein
A35: VarImp | B35: P_0624R22C | C35: {=_xlfn.IFS(ISNUMBER(FIND("N",B35)),"Needles",ISNUMBER(FIND("P",B35)),"Phloem")} -> Phloem | D35: 2 | E35: 2134.8839 | F35: 60 | H35: 1822.3328 | I35: 1 | J35: 1.82-1.90-cellulose-starch
A36: VarImp | B36: P_0624R22C | C36: {=_xlfn.IFS(ISNUMBER(FIND("N",B36)),"Needles",ISNUMBER(FIND("P",B36)),"Phloem")} -> Phloem | D36: 2 | E36: 2023.1407 | F36: 79 | H36: 2205.4055 | I36: 1 | J36: 2.18-2.24-protein,nitrogen-protein
A37: VarImp | B37: P_0624R22C | C37: {=_xlfn.IFS(ISNUMBER(FIND("N",B37)),"Needles",ISNUMBER(FIND("P",B37)),"Phloem")} -> Phloem | D37: 2 | E37: 1462.9485 | F37: 218 | H37: 1817.822 | I37: 1 | J37: 1.78-1.82 - cellulose,sugar,starch-cellulose
A38: VarImp | B38: P_0624R22C | C38: {=_xlfn.IFS(ISNUMBER(FIND("N",B38)),"Needles",ISNUMBER(FIND("P",B38)),"Phloem")} -> Phloem | D38: 2 | E38: 2384.4156 | F38: 24 | H38: 2023.1407 | I38: 1 | J38: 2.00- 2.06 - starch - protein, nitrogen
A39: VarImp | B39: P_0624R22C | C39: {=_xlfn.IFS(ISNUMBER(FIND("N",B39)),"Needles",ISNUMBER(FIND("P",B39)),"Phloem")} -> Phloem | D39: 2 | E39: 2415.7895 | F39: 20 | H39: Grand Total | I39: 67
A40: VarImp | B40: P_0624R22C | C40: {=_xlfn.IFS(ISNUMBER(FIND("N",B40)),"Needles",ISNUMBER(FIND("P",B40)),"Phloem")} -> Phloem | D40: 2 | E40: 2116.4267 | F40: 63
A41: VarImp | B41: P_0624R22C | C41: {=_xlfn.IFS(ISNUMBER(FIND("N",B41)),"Needles",ISNUMBER(FIND("P",B41)),"Phloem")} -> Phloem | D41: 2 | E41: 2400.0001 | F41: 22
A42: VarImp | B42: P_0624R22C | C42: {=_xlfn.IFS(ISNUMBER(FIND("N",B42)),"Needles",ISNUMBER(FIND("P",B42)),"Phloem")} -> Phloem | D42: 2 | E42: 2407.8689 | F42: 21
A43: VarImp | B43: P_0624R22C | C43: {=_xlfn.IFS(ISNUMBER(FIND("N",B43)),"Needles",ISNUMBER(FIND("P",B43)),"Phloem")} -> Phloem | D43: 2 | E43: 1428.7941 | F43: 230
A44: VarImp | B44: P_0624R22C | C44: {=_xlfn.IFS(ISNUMBER(FIND("N",B44)),"Needles",ISNUMBER(FIND("P",B44)),"Phloem")} -> Phloem | D44: 2 | E44: 2028.7295 | F44: 78
A45: VarImp | B45: P_0624R22C | C45: {=_xlfn.IFS(ISNUMBER(FIND("N",B45)),"Needles",ISNUMBER(FIND("P",B45)),"Phloem")} -> Phloem | D45: 2 | E45: 2431.7881 | F45: 18
A46: VarImp | B46: P_0624R22C | C46: {=_xlfn.IFS(ISNUMBER(FIND("N",B46)),"Needles",ISNUMBER(FIND("P",B46)),"Phloem")} -> Phloem | D46: 2 | E46: 1465.8686 | F46: 217
A47: VarImp | B47: P_0624R22C | C47: {=_xlfn.IFS(ISNUMBER(FIND("N",B47)),"Needles",ISNUMBER(FIND("P",B47)),"Phloem")} -> Phloem | D47: 2 | E47: 2376.6991 | F47: 25
A48: VarImp | B48: P_0624R22C | C48: {=_xlfn.IFS(ISNUMBER(FIND("N",B48)),"Needles",ISNUMBER(FIND("P",B48)),"Phloem")} -> Phloem | D48: 2 | E48: 2423.7624 | F48: 19
A49: VarImp | B49: P_0824R22C | C49: {=_xlfn.IFS(ISNUMBER(FIND("N",B49)),"Needles",ISNUMBER(FIND("P",B49)),"Phloem")} -> Phloem | D49: 2 | E49: 2166.3718 | F49: 55
A50: VarImp | B50: P_0824R22C | C50: {=_xlfn.IFS(ISNUMBER(FIND("N",B50)),"Needles",ISNUMBER(FIND("P",B50)),"Phloem")} -> Phloem | D50: 2 | E50: 2172.7812 | F50: 54
A51: VarImp | B51: P_0824R22C | C51: {=_xlfn.IFS(ISNUMBER(FIND("N",B51)),"Needles",ISNUMBER(FIND("P",B51)),"Phloem")} -> Phloem | D51: 2 | E51: 2160.0002 | F51: 56
... A68: VarImp | B68: P_0824R22C | C68: {=_xlfn.IFS(ISNUMBER(FIND("N",B68)),"Needles",ISNUMBER(FIND("P",B68)),"Phloem")} -> Phloem | D68: 2 | E68: 2141.108 | F68: 59

Sheet Figure for Publication
A1: Wavelength (nm) | B1: Frequency | C1: Associated Vibration and Chemical (Curran, 1989)
A2: 2160.0002 | B2: 7 | C2: N-H Stretch (Protein)
A3: 2141.108 | B3: 6 | C3: N-H Stretch (Protein)
A4: 2153.6658 | B4: 6 | C4: N-H Stretch (Protein)
A5: 2400.0001 | B5: 6 | C5: CH2 bend, 2nd overtone, C-H deformation, 2nd overtone (Cellulose, protein, nitrogen)
A6: 2172.7812 | B6: 5 | C6: N-H Stretch (Protein)
A7: 2166.3718 | B7: 5 | C7: N-H Stretch (Protein)
A8: 2001.0901 | B8: 4 | C8: O-H deformation, C-O deformation (Starch)
A9: 2134.8839 | B9: 4 | C9: N-H Stretch (Protein)
A10: 1661.5388 | B10: 4 | C10: O-H stretch, first overtone (Starch, sugar)
A11: 2407.8689 | B11: 4 | C11: CH2 bend, 2nd overtone, C-H deformation, 2nd overtone (Cellulose, protein, nitrogen)
A15: Wavelength (nm) | B15: Frequency | C15: Associated Chemical(s) (Curran, 1989)
A16: 2141.108 | B16: 4 | C16: Protein, nitrogen
A17: 2153.6658 | B17: 4 | C17: Protein, nitrogen
A18: 2160.0002 | B18: 4 | C18: Protein, nitrogen
A19: 2134.8839 | B19: 4 | C19: Protein, nitrogen
A20: 2166.3718 | B20: 3 | C20: Protein, nitrogen
A21: 1462.9485 | B21: 3 | C21: Starch, sugar, lignin, water, cellulose
A22: 2147.3686 | B22: 3 | C22: Protein, nitrogen
A23: 2400.0001 | B23: 3 | C23: Cellulose, protein, nitrogen
A24: 2172.7812 | B24: 3 | C24: Protein, nitrogen
A25: 2122.5435 | B25: 3 | C25: Starch, cellulose, protein

Sheet VarImp
E1: Importance | U1: Run | V1: Date | W1: Classes | X1: Wavelength (nm) | Y1: x121 | Z1: x51 | AA1: x97 | AC1: Run | AD1: Date | AE1: Classes | AF1: Wavelengths | AG1: x121 | AH1: x51 | AI1: x97 | AK1: Run | AL1: Date | AM1: Classes | AN1: Wavelengths | AO1: x121 | AP1: x51 | AQ1: x97
A2: Run | B2: Month | C2: Class # | D2: Wavelength (nm) | E2: x121 | F2: x51 | G2: x97 | U2: N_0824R13C | V2: August | W2: 3 | X2: 2361.4149 | Y2: 19.4034 | Z2: 100 | AA2: 94.64 | AC2: N_0624R13C | AD2: June | AE2: 3 | AF2: 2324.0507 | AG2: 70.29 | AH2: 75.27 | AI2: 100 | AK2: N_0624R22C | AL2: June | AM2: 2 | AN2: 2153.6658 | AQ2: 100
A3: N_0624R13C | B3: June | C3: 3 | D3: 2324.0507 | E3: 70.29 | F3: 75.27 | G3: 100 | I3: =VLOOKUP(D3,WLReference!$A$2:$B$258,2,FALSE) -> 32 | U3: N_0824R13C | V3: August | W3: 3 | X3: 2369.0323 | Y3: 27.1094 | Z3: 90.78 | AA3: 68.86 | AC3: N_0624R13C | AD3: June | AE3: 3 | AF3: 1665.3064 | AG3: 96.22 | AH3: 22.1 | AI3: 69.72 | AK3: N_0624R22C | AL3: June | AM3: 2 | AN3: 1511.1114 | AQ3: 91.7
A4: N_0624R13C | B4: June | C4: 3 | D4: 1665.3064 | E4: 96.22 | F4: 22.1 | G4: 69.72 | I4: =VLOOKUP(D4,WLReference!$A$2:$B$258,2,FALSE) -> 157 | U4: N_0824R13C | V4: August | W4: 3 | X4: 2353.8462 | Y4: 0.8171 | Z4: 88.18 | AA4: 90.65 | AC4: N_0624R13C | AD4: June | AE4: 3 | AF4: 1360.0003 | AG4: 19.65 | AH4: 17.87 | AI4: 91.04 | AK4: N_0624R22C | AL4: June | AM4: 2 | AN4: 2400.0001 | AQ4: 84.95
A5: N_0624R13C | B5: June | C5: 3 | D5: 1360.0003 | E5: 19.65 | F5: 17.87 | G5: 91.04 | I5: =VLOOKUP(D5,WLReference!$A$2:$B$258,2,FALSE) -> 256 | U5: N_0824R13C | V5: August | W5: 3 | X5: 2376.6991 | Y5: 13.4548 | Z5: 85.87 | AA5: 65.27 | AC5: N_0624R13C | AD5: June | AE5: 3 | AF5: 1508.0085 | AG5: 89.02 | AH5: 82.05 | AI5: 46.37 | AK5: N_0624R22C | AL5: June | AM5: 2 | AN5: 2160.0002 | AQ5: 80.34
A6: N_0624R13C | B6: June | C6: 3 | D6: 1508.0085 | E6: 89.02 | F6: 82.05 | G6: 46.37 | I6: =VLOOKUP(D6,WLReference!$A$2:$B$258,2,FALSE) -> 203 | U6: N_0824R13C | V6: August | W6: 3 | X6: 1696.0742 | Y6: 36.5234 | Z6: 39.64 | AA6: 76.82 | AC6: N_0624R13C | AD6: June | AE6: 3 | AF6: 1661.5388 | AG6: 88.17 | AH6: 72.22 | AI6: 75.79 | AK6: N_0624R22C | AL6: June | AM6: 2 | AN6: 2407.8689 | AQ6: 76.87
A7: N_0624R13C | B7: June | C7: 3 | D7: 1661.5388 | E7: 88.17 | F7: 72.22 | G7: 75.79 | I7: =VLOOKUP(D7,WLReference!$A$2:$B$258,2,FALSE) -> 158 | U7: N_0824R13C | V7: August | W7: 3 | X7: 2384.4156 | Y7: 17.912 | Z7: 76.62 | AA7: 57.03 | AC7: N_0624R13C | AD7: June | AE7: 3 | AF7: 2266.6668 | AG7: 17.59 | AH7: 18 | AI7: 88.08 | AK7: N_0624R22C | AL7: June | AM7: 2 | AN7: 1471.7438 | AQ7: 76.61
A8: N_0624R13C | B8: June | C8: 3 | D8: 2266.6668 | E8: 17.59 | F8: 18 | G8: 88.08 | I8: =VLOOKUP(D8,WLReference!$A$2:$B$258,2,FALSE) -> 40 | K8: Row Labels | L8: Average of x97 | M8: Count of Wavelength (nm) | U8: N_0824R13C | V8: August | W8: 3 | X8: 2309.4341 | Y8: 60.6089 | Z8: 70.77 | AA8: 16.28 | AC8: N_0624R13C | AD8: June | AE8: 3 | AF8: 1610.5266 | AG8: 67.3 | AH8: 73.36 | AI8: 87.56 | AK8: N_0624R22C | AL8: June | AM8: 2 | AN8: 2456.1873 | AQ8: 72.16
A9: N_0624R13C | B9: June | C9: 3 | D9: 1610.5266 | E9: 67.3 | F9: 73.36 | G9: 87.56 | I9: =VLOOKUP(D9,WLReference!$A$2:$B$258,2,FALSE) -> 172 | K9: 2153.6658 | L9: 80.586 | M9: 5 | U9: N_0824R13C | V9: August | W9: 3 | X9: 1878.2611 | Y9: 27.1738 | Z9: 54.42 | AA9: 69.56 | AC9: N_0624R13C | AD9: June | AE9: 3 | AF9: 2302.1945 | AG9: 87.38 | AH9: 30.66 | AI9: 13.33 | AK9: N_0624R22C | AL9: June | AM9: 2 | AN9: 1533.1945 | AQ9: 72.08
A10: N_0624R13C | B10: June | C10: 3 | D10: 2302.1945 | E10: 87.38 | F10: 30.66 | G10: 13.33 | I10: =VLOOKUP(D10,WLReference!$A$2:$B$258,2,FALSE) -> 35 | K10: 2160.0002 | L10: 83.344 | M10: 5 | U10: N_0824R13C | V10: August | W10: 3 | X10: 2346.326 | Y10: 19.8324 | Z10: 41.23 | AA10: 69.54 | AC10: N_0624R13C | AD10: June | AE10: 3 | AF10: 2456.1873 | AG10: 87.28 | AH10: 61.27 | AI10: 46.37 | AK10: N_0624R22C | AL10: June | AM10: 2 | AN10: 2141.108 | AQ10: 70.18
A11: N_0624R13C | B11: June | C11: 3 | D11: 2456.1873 | E11: 87.28 | F11: 61.27 | G11: 46.37 | I11: =VLOOKUP(D11,WLReference!$A$2:$B$258,2,FALSE) -> 15 | K11: 2141.108 | L11: 72.888 | M11: 5 | U11: N_0824R13C | V11: August | W11: 3 | X11: 2295.0001 | Y11: 40.4524 | Z11: 69.46 | AA11: 26 | AC11: N_0624R13C | AD11: June | AE11: 3 | AF11: 2068.7326 | AG11: 87.22 | AH11: 12 | AI11: 27.35 | AK11: N_0624R22C | AL11: June | AM11: 2 | AN11: 1669.0912 | AQ11: 69.74
A12: N_0624R13C | B12: June | C12: 3 | D12: 2068.7326 | E12: 87.22 | F12: 12 | G12: 27.35 | I12: =VLOOKUP(D12,WLReference!$A$2:$B$258,2,FALSE) -> 71 | K12: 1661.5388 | L12: 68.655 | M12: 4 | U12: N_0824R13C | V12: August | W12: 3 | X12: 1700.0003 | Y12: 20.0653 | Z12: 52.81 | AA12: 68.57 | AC12: N_0624R13C | AD12: June | AE12: 3 | AF12: 2309.4341 | AG12: 85.6 | AH12: 23.58 | AI12: 60.04 | AK12: N_0624R22C | AL12: June | AM12: 2 | AN12: 1495.7233 | AQ12: 69.57
A13: N_0624R13C | B13: June | C13: 3 | D13: 2309.4341 | E13: 85.6 | F13: 23.58 | G13: 60.04 | I13: =VLOOKUP(D13,WLReference!$A$2:$B$258,2,FALSE) -> 34 | K13: 2134.8839 | L13: 74.6575 | M13: 4 | U13: N_0824R13C | V13: August | W13: 3 | X13: 1711.8884 | Y13: 35.5404 | Z13: 67.09 | AA13: 12.47 | AC13: N_0624R13C | AD13: June | AE13: 3 | AF13: 1892.7837 | AG13: 46.37 | AH13: 85.6 | AI13: 25.43 | AK13: N_0624R22C | AL13: June | AM13: 2 | AN13: 2172.7812 | AQ13: 69.4
A14: N_0624R13C | B14: June | C14: 3 | D14: 1892.7837 | E14: 46.37 | F14: 85.6 | G14: 25.43 | I14: =VLOOKUP(D14,WLReference!$A$2:$B$258,2,FALSE) -> 104 | K14: 2147.3686 | L14: 70.9675 | M14: 4 | U14: N_0824R13C | V14: August | W14: 3 | X14: 2302.1945 | Y14: 43.3599 | Z14: 66.96 | AA14: 29.82 | AC14: N_0624R13C | AD14: June | AE14: 3 | AF14: 1442.8294 | AG14: 10.9 | AH14: 84.84 | AI14: 25.02 | AK14: N_0624R22C | AL14: June | AM14: 2 | AN14: 1661.5388 | AQ14: 68.39
A15: N_0624R13C | B15: June | C15: 3 | D15: 1442.8294 | E15: 10.9 | F15: 84.84 | G15: 25.02 | I15: =VLOOKUP(D15,WLReference!$A$2:$B$258,2,FALSE) -> 225 | K15: 2166.3718 | L15: 72.205 | M15: 4 | U15: N_0824R13C | V15: August | W15: 3 | X15: 2316.7193 | Y15: 56.4102 | Z15: 66.42 | AA15: 24.67 | AC15: N_0624R13C | AD15: June | AE15: 3 | AF15: 1460.0401 | AG15: 84.6 | AH15: 46.37 | AI15: 38.95 | AK15: N_0624R22C | AL15: June | AM15: 2 | AN15: 2017.5826 | AQ15: 67.99
A16: N_0624R13C | B16: June | C16: 3 | D16: 1460.0401 | E16: 84.6 | F16: 46.37 | G16: 38.95 | I16: =VLOOKUP(D16,WLReference!$A$2:$B$258,2,FALSE) -> 219 | K16: 1669.0912 | L16: 73.136667 | M16: 3 | U16: N_0824R13C | V16: August | W16: 3 | X16: 1984.8651 | Y16: 65.8078 | Z16: 34.26 | AA16: 55.07 | AC16: N_0624R13C | AD16: June | AE16: 3 | AF16: 2497.9592 | AG16: 82.78 | AH16: 17.51 | AI16: 16.73 | AK16: N_0624R22C | AL16: June | AM16: 2 | AN16: 2001.0901 | AQ16: 67.86
A17: N_0624R13C | B17: June | C17: 3 | D17: 2497.9592 | E17: 82.78 | F17: 17.51 | G17: 16.73 | I17: =VLOOKUP(D17,WLReference!$A$2:$B$258,2,FALSE) -> 10 | K17: 2369.0323 | L17: 76.87 | M17: 3 | U17: N_0824R13C | V17: August | W17: 3 | X17: 2280.7455 | Y17: 29.0414 | Z17: 65.75 | AA17: 37.37 | AC17: N_0624R13C | AD17: June | AE17: 3 | AF17: 2295.0001 | AG17: 81.22 | AH17: 48.66 | AI17: 82.63 | AK17: N_0624R22C | AL17: June | AM17: 2 | AN17: 1800.0003 | AQ17: 67.17
A18: N_0624R13C | B18: June | C18: 3 | D18: 2295.0001 | E18: 81.22 | F18: 48.66 | G18: 82.63 | I18: =VLOOKUP(D18,WLReference!$A$2:$B$258,2,FALSE) -> 36 | K18: 2122.5435 | L18: 69.09 | M18: 3 | U18: N_0824R13C | V18: August | W18: 3 | X18: 2273.6843 | Y18: 24.7803 | Z18: 65.71 | AA18: 25.3 | AC18: N_0624R13C | AD18: June | AE18: 3 | AF18: 2472.7273 | AG18: 30.55 | AH18: 41.48 | AI18: 82.6 | AK18: N_0624R22C | AL18: June | AM18: 2 | AN18: 1912.5002 | AQ18: 65.75
A19: N_0624R13C | B19: June | C19: 3 | D19: 2472.7273 | E19: 30.55 | F19: 41.48 | G19: 82.6 | I19: =VLOOKUP(D19,WLReference!$A$2:$B$258,2,FALSE) -> 13 | K19: 2172.7812 | L19: 82.22 | M19: 3 | U19: N_0824R13C | V19: August | W19: 3 | X19: 2287.8506 | Y19: 57.6196 | Z19: 63.67 | AA19: 15.98 | AC19: N_0624R13C | AD19: June | AE19: 3 | AF19: 2400.0001 | AG19: 82.44 | AH19: 25.43 | AI19: 49.89 | AK19: N_0624R22C | AL19: June | AM19: 2 | AN19: 1468.8003 | AQ19: 63.45
A20: N_0624R13C | B20: June | C20: 3 | D20: 2400.0001 | E20: 82.44 | F20: 25.43 | G20: 49.89 | I20: =VLOOKUP(D20,WLReference!$A$2:$B$258,2,FALSE) -> 22 | K20: 2376.6991 | L20: 69.07 | M20: 3 | U20: N_0824R13C | V20: August | W20: 3 | X20: 1715.8881 | Y20: 48.9116 | Z20: 63.44 | AA20: 17.93 | AC20: N_0624R13C | AD20: June | AE20: 3 | AF20: 1822.3328 | AG20: 82.44 | AH20: 46.37 | AI20: 11 | AK20: N_0624R22C | AL20: June | AM20: 2 | AN20: 2166.3718 | AQ20: 63.34
A21: N_0624R13C | B21: June | C21: 3 | D21: 1822.3328 | E21: 82.44 | F21: 46.37 | G21: 11 | I21: =VLOOKUP(D21,WLReference!$A$2:$B$258,2,FALSE) -> 119 | K21: 2295.0001 | L21: 57.27 | M21: 3 | U21: N_0824R13C | V21: August | W21: 3 | X21: 2040.0002 | Y21: 15.8519 | Z21: 47.29 | AA21: 63.06 | AC21: N_0624R13C | AD21: June | AE21: 3 | AF21: 2198.8025 | AG21: 82.41 | AH21: 51.78 | AI21: 69.79 | AK21: N_0624R22C | AL21: June | AM21: 2 | AN21: 2295.0001 | AQ21: 63.18
A22: N_0624R13C | B22: June | C22: 3 | D22: 2198.8025 | E22: 82.41 | F22: 51.78 | G22: 69.79 | I22: =VLOOKUP(D22,WLReference!$A$2:$B$258,2,FALSE) -> 50 | K22: 2361.4149 | L22: 88.216667 | M22: 3 | U22: N_0824R22C | V22: August | W22: 2 | X22: 1696.0742 | AA22: 100 | AC22: P_0624R13C | AD22: June | AE22: 3 | AF22: 2134.8839 | AG22: 100 | AH22: 78.699 | AI22: 84.97 | AK22: P_0624R22C | AL22: June | AM22: 2 | AN22: 2160.0002 | AQ22: 100
A23: P_0624R13C | B23: June | C23: 3 | D23: 2134.8839 | E23: 100 | F23: 78.699 | G23: 84.97 | I23: =VLOOKUP(D23,WLReference!$A$2:$B$258,2,FALSE) -> 60 | K23: 1822.3328 | L23: 45.963333 | M23: 3 | U23: N_0824R22C | V23: August | W23: 2 | X23: 2361.4149 | AA23: 97.8 | AC23: P_0624R13C | AD23: June | AE23: 3 | AF23: 2128.6958 | AG23: 88.58 | AH23: 57.499 | AI23: 56.58 | AK23: P_0624R22C | AL23: June | AM23: 2 | AN23: 2147.3686 | AQ23: 96.51
A24: P_0624R13C | B24: June | C24: 3 | D24: 2128.6958 | E24: 88.58 | F24: 57.499 | G24: 56.58 | I24: =VLOOKUP(D24,WLReference!$A$2:$B$258,2,FALSE) -> 61 | K24: 2384.4156 | L24: 71.413333 | M24: 3 | U24: N_0824R22C | V24: August | W24: 2 | X24: 2001.0901 | AA24: 92.57 | AC24: P_0624R13C | AD24: June | AE24: 3 | AF24: 2153.6658 | AG24: 88.57 | AH24: 33.495 | AI24: 65.21 | AK24: P_0624R22C | AL24: June | AM24: 2 | AN24: 2153.6658 | AQ24: 90.85
A25: P_0624R13C | B25: June | C25: 3 | D25: 2153.6658 | E25: 88.57 | F25: 33.495 | G25: 65.21 | I25: =VLOOKUP(D25,WLReference!$A$2:$B$258,2,FALSE) -> 57 | K25: 2400.0001 | L25: 68 | M25: 3 | U25: N_0824R22C | V25: August | W25: 2 | X25: 1692.1662 | AA25: 92.07 | AC25: P_0624R13C | AD25: June | AE25: 3 | AF25: 2160.0002 | AG25: 87.76 | AH25: 34.842 | AI25: 67.84 | AK25: P_0624R22C | AL25: June | AM25: 2 | AN25: 2141.108 | AQ25: 89.63
A26: P_0624R13C | B26: June | C26: 3 | D26: 2160.0002 | E26: 87.76 | F26: 34.842 | G26: 67.84 | I26: =VLOOKUP(D26,WLReference!$A$2:$B$258,2,FALSE) -> 56 | K26: 2346.326 | L26: 72.905 | M26: 2 | U26: N_0824R22C | V26: August | W26: 2 | X26: 2353.8462 | AA26: 89.68 | AC26: P_0624R13C | AD26: June | AE26: 3 | AF26: 2384.4156 | AG26: 64.6 | AH26: 63.725 | AI26: 83.85 | AK26: P_0624R22C | AL26: June | AM26: 2 | AN26: 2128.6958 | AQ26: 84.83
A27: P_0624R13C | B27: June | C27: 3 | D27: 2384.4156 | E27: 64.6 | F27: 63.725 | G27: 83.85 | I27: =VLOOKUP(D27,WLReference!$A$2:$B$258,2,FALSE) -> 24 | K27: 2415.7895 | L27: 69.305 | M27: 2 | U27: N_0824R22C | V27: August | W27: 2 | X27: 1963.6366 | AA27: 83.6 | AC27: P_0624R13C | AD27: June | AE27: 3 | AF27: 2141.108 | AG27: 83.23 | AH27: 54.599 | AI27: 69.36 | AK27: P_0624R22C | AL27: June | AM27: 2 | AN27: 2122.5435 | AQ27: 83.6
A28: P_0624R13C | B28: June | C28: 3 | D28: 2141.108 | E28: 83.23 | F28: 54.599 | G28: 69.36 | I28: =VLOOKUP(D28,WLReference!$A$2:$B$258,2,FALSE) -> 59 | K28: 2309.4341 | L28: 38.16 | M28: 2 | U28: N_0824R22C | V28: August | W28: 2 | X28: 2369.0323 | AA28: 80.97 | AC28: P_0624R13C | AD28: June | AE28: 3 | AF28: 2369.0323 | AG28: 39.85 | AH28: 77.277 | AI28: 80.78 | AK28: P_0624R22C | AL28: June | AM28: 2 | AN28: 2134.8839 | AQ28: 80.9
A29: P_0624R13C | B29: June | C29: 3 | D29: 2369.0323 | E29: 39.85 | F29: 77.277 | G29: 80.78 | I29: =VLOOKUP(D29,WLReference!$A$2:$B$258,2,FALSE) -> 26 | K29: 2456.1873 | L29: 59.265 | M29: 2 | U29: N_0824R22C | V29: August | W29: 2 | X29: 1409.5972 | AA29: 79.74 | AC29: P_0624R13C | AD29: June | AE29: 3 | AF29: 1420.5032 | AG29: 75.76 | AH29: 56.61 | AI29: 40.7 | AK29: P_0624R22C | AL29: June | AM29: 2 | AN29: 2023.1407 | AQ29: 77.71
A30: P_0624R13C | B30: June | C30: 3 | D30: 1420.5032 | E30: 75.76 | F30: 56.61 | G30: 40.7 | I30: =VLOOKUP(D30,WLReference!$A$2:$B$258,2,FALSE) -> 233 | K30: 2353.8462 | L30: 90.165 | M30: 2 | U30: N_0824R22C | V30: August | W30: 2 | X30: 1700.0003 | AA30: 79.49 | AC30: P_0624R13C | AD30: June | AE30: 3 | AF30: 2376.6991 | AG30: 48.2 | AH30: 62.17 | AI30: 75.74 | AK30: P_0624R22C | AL30: June | AM30: 2 | AN30: 1462.9485 | AQ30: 77.58
A31: P_0624R13C | B31: June | C31: 3 | D31: 2376.6991 | E31: 48.2 | F31: 62.17 | G31: 75.74 | I31: =VLOOKUP(D31,WLReference!$A$2:$B$258,2,FALSE) -> 25 | K31: 1468.8003 | L31: 65.14 | M31: 2 | U31: N_0824R22C | V31: August | W31: 2 | X31: 2006.5576 | AA31: 77.93 | AC31: P_0624R13C | AD31: June | AE31: 3 | AF31: 2147.3686 | AG31: 74.43 | AH31: 37.432 | AI31: 51.29 | AK31: P_0624R22C | AL31: June | AM31: 2 | AN31: 2384.4156 | AQ31: 73.36
A32: P_0624R13C | B32: June | C32: 3 | D32: 2147.3686 | E32: 74.43 | F32: 37.432 | G32: 51.29 | I32: =VLOOKUP(D32,WLReference!$A$2:$B$258,2,FALSE) -> 58 | K32: 2179.2286 | L32: 76.43 | M32: 2 | U32: N_0824R22C | V32: August | W32: 2 | X32: 1958.4002 | AA32: 77.47 | AC32: P_0624R13C | AD32: June | AE32: 3 | AF32: 2051.3968 | AG32: 58.34 | AH32: 54.597 | AI32: 74.21 | AK32: P_0624R22C | AL32: June | AM32: 2 | AN32: 2415.7895 | AQ32: 72.01
A33: P_0624R13C | B33: June | C33: 3 | D33: 2051.3968 | E33: 58.34 | F33: 54.597 | G33: 74.21 | I33: =VLOOKUP(D33,WLReference!$A$2:$B$258,2,FALSE) -> 74 | K33: 2128.6958 | L33: 70.705 | M33: 2 | U33: N_0824R22C | V33: August | W33: 2 | X33: 2346.326 | AA33: 76.27 | AC33: P_0624R13C | AD33: June | AE33: 3 | AF33: 2392.1825 | AG33: 35.75 | AH33: 49.31 | AI33: 74.15 | AK33: P_0624R22C | AL33: June | AM33: 2 | AN33: 2116.4267 | AQ33: 71.72
... A41: P_0624R13C | B41: June | C41: 3 | D41: 1365.0561 | E41: 38.97 | F41: 66.337 | G41: 41.46 | I41: =VLOOKUP(D41,WLReference!$A$2:$B$258,2,FALSE) -> 254 | K41: 2302.1945 | L41: 21.575 | M41: 2 | U41: N_0824R22C | V41: August | W41: 2 | X41: 1412.308 | AA41: 64.11 | AC41: P_0624R13C | AD41: June | AE41: 3 | AF41: 2122.5435 | AG41: 65.41 | AH41: 52.388 | AI41: 65.84 | AK41: P_0624R22C | AL41: June | AM41: 2 | AN41: 2423.7624 | AQ41: 63.67
A42: P_0624R13C | B42: June | C42: 3 | D42: 2122.5435 | E42: 65.41 | F42: 52.388 | G42: 65.84 | I42: =VLOOKUP(D42,WLReference!$A$2:$B$258,2,FALSE) -> 62 | K42: 2051.3968 | L42: 78.37 | M42: 2 | U42: P_0824R13C | V42: August | W42: 3 | X42: 2172.7812 | Y42: 100 | Z42: 72.58 | AA42: 84.67 | AC42: N_0824R13C | AD42: August | AE42: 3 | AF42: 2361.4149 | AG42: 19.4034 | AH42: 100 | AI42: 94.64 | AK42: N_0824R22C | AL42: August | AM42: 2 | AN42: 1696.0742 | AQ42: 100
A43: N_0824R13C | B43: August | C43: 3 | D43: 2361.4149 | E43: 19.4034 | F43: 100 | G43: 94.64 | I43: =VLOOKUP(D43,WLReference!$A$2:$B$258,2,FALSE) -> 27 | K43: 2407.8689 | L43: 87.925 | M43: 2 | U43: P_0824R13C | V43: August | W43: 3 | X43: 2160.0002 | Y43: 90.88 | Z43: 57.15 | AA43: 86.77 | AC43: N_0824R13C | AD43: August | AE43: 3 | AF43: 2369.0323 | AG43: 27.1094 | AH43: 90.78 | AI43: 68.86 | AK43: N_0824R22C | AL43: August | AM43: 2 | AN43: 2361.4149 | AQ43: 97.8
A44: N_0824R13C | B44: August | C44: 3 | D44: 2369.0323 | E44: 27.1094 | F44: 90.78 | G44: 68.86 | I44: =VLOOKUP(D44,WLReference!$A$2:$B$258,2,FALSE) -> 26 | K44: 2006.5576 | L44: 72.445 | M44: 2 | U44: P_0824R13C | V44: August | W44: 3 | X44: 1922.5133 | Y44: 37.46 | Z44: 90.56 | AA44: 58.23 | AC44: N_0824R13C | AD44: August | AE44: 3 | AF44: 2353.8462 | AG44: 0.8171 | AH44: 88.18 | AI44: 90.65 | AK44: N_0824R22C | AL44: August | AM44: 2 | AN44: 2001.0901 | AQ44: 92.57
A45: N_0824R13C | B45: August | C45: 3 | D45: 2353.8462 | E45: 0.8171 | F45: 88.18 | G45: 90.65 | I45: =VLOOKUP(D45,WLReference!$A$2:$B$258,2,FALSE) -> 28 | K45: 2280.7455 | L45: 37.37 | M45: 1 | U45: P_0824R13C | V45: August | W45: 3 | X45: 2166.3718 | Y45: 90.04 | Z45: 52.41 | AA45: 67.75 | AC45: N_0824R13C | AD45: August | AE45: 3 | AF45: 2376.6991 | AG45: 13.4548 | AH45: 85.87 | AI45: 65.27 | AK45: N_0824R22C | AL45: August | AM45: 2 | AN45: 1692.1662 | AQ45: 92.07
A46: N_0824R13C | B46: August | C46: 3 | D46: 2376.6991 | E46: 13.4548 | F46: 85.87 | G46: 65.27 | I46: =VLOOKUP(D46,WLReference!$A$2:$B$258,2,FALSE) -> 25 | K46: 1628.3817 | L46: 24.23 | M46: 1 | U46: P_0824R13C | V46: August | W46: 3 | X46: 2141.108 | Y46: 70.65 | Z46: 25.09 | AA46: 86.8 | AC46: N_0824R13C | AD46: August | AE46: 3 | AF46: 1696.0742 | AG46: 36.5234 | AH46: 39.64 | AI46: 76.82 | AK46: N_0824R22C | AL46: August | AM46: 2 | AN46: 2353.8462 | AQ46: 89.68
A47: N_0824R13C | B47: August | C47: 3 | D47: 1696.0742 | E47: 36.5234 | F47: 39.64 | G47: 76.82 | I47: =VLOOKUP(D47,WLReference!$A$2:$B$258,2,FALSE) -> 149 | K47: 1958.4002 | L47: 77.47 | M47: 1 | U47: P_0824R13C | V47: August | W47: 3 | X47: 2153.6658 | Y47: 85.05 | Z47: 29.24 | AA47: 80.32 | AC47: N_0824R13C | AD47: August | AE47: 3 | AF47: 2384.4156 | AG47: 17.912 | AH47: 76.62 | AI47: 57.03 | AK47: N_0824R22C | AL47: August | AM47: 2 | AN47: 1963.6366 | AQ47: 83.6
A48: N_0824R13C | B48: August | C48: 3 | D48: 2384.4156 | E48: 17.912 | F48: 76.62 | G48: 57.03 | I48: =VLOOKUP(D48,WLReference!$A$2:$B$258,2,FALSE) -> 24 | K48: 1460.0401 | L48: 38.95 | M48: 1 | U48: P_0824R13C | V48: August | W48: 3 | X48: 2147.3686 | Y48: 76.17 | Z48: 35.05 | AA48: 84.49 | AC48: N_0824R13C | AD48: August | AE48: 3 | AF48: 2309.4341 | AG48: 60.6089 | AH48: 70.77 | AI48: 16.28 | AK48: N_0824R22C | AL48: August | AM48: 2 | AN48: 2369.0323 | AQ48: 80.97
A49: N_0824R13C | B49: August | C49: 3 | D49: 2309.4341 | E49: 60.6089 | F49: 70.77 | G49: 16.28 | I49: =VLOOKUP(D49,WLReference!$A$2:$B$258,2,FALSE) -> 34 | K49: 1813.3336 | L49: 51.39 | M49: 1 | U49: P_0824R13C | V49: August | W49: 3 | X49: 2179.2286 | Y49: 82.61 | Z49: 69.34 | AA49: 75.09 | AC49: N_0824R13C | AD49: August | AE49: 3 | AF49: 1878.2611 | AG49: 27.1738 | AH49: 54.42 | AI49: 69.56 | AK49: N_0824R22C | AL49: August | AM49: 2 | AN49: 1409.5972 | AQ49: 79.74
A50: N_0824R13C | B50: August | C50: 3 | D50: 1878.2611 | E50: 27.1738 | F50: 54.42 | G50: 69.56 | I50: =VLOOKUP(D50,WLReference!$A$2:$B$258,2,FALSE) -> 107 | K50: 1495.7233 | L50: 69.57 | M50: 1 | U50: P_0824R13C | V50: August | W50: 3 | X50: 2051.3968 | Y50: 31.4 | Z50: 41.06 | AA50: 82.53 | AC50: N_0824R13C | AD50: August | AE50: 3 | AF50: 2346.326 | AG50: 19.8324 | AH50: 41.23 | AI50: 69.54 | AK50: N_0824R22C | AL50: August | AM50: 2 | AN50: 1700.0003 | AQ50: 79.49
A51: N_0824R13C | B51: August | C51: 3 | D51: 2346.326 | E51: 19.8324 | F51: 41.23 | G51: 69.54 | I51: =VLOOKUP(D51,WLReference!$A$2:$B$258,2,FALSE) -> 29 | K51: 2040.0002 | L51: 63.06 | M51: 1 | U51: P_0824R13C | V51: August | W51: 3 | X51: 1661.5388 | Y51: 82.04 | Z51: 59.95 | AA51: 59.21 | AC51: N_0824R13C | AD51: August | AE51: 3 | AF51: 2295.0001 | AG51: 40.4524 | AH51: 69.46 | AI51: 26 | AK51: N_0824R22C | AL51: August | AM51: 2 | AN51: 2006.5576 | AQ51: 77.93
A52: N_0824R13C | B52: August | C52: 3 | D52: 2295.0001 | E52: 40.4524 | F52: 69.46 | G52: 26 | I52: =VLOOKUP(D52,WLReference!$A$2:$B$258,2,FALSE) -> 36 | K52: 1508.0085 | L52: 46.37 | M52: 1 | U52: P_0824R13C | V52: August | W52: 3 | X52: 1669.0912 | Y52: 81.03 | Z52: 36.23 | AA52: 76.79 | AC52: N_0824R13C | AD52: August | AE52: 3 | AF52: 1700.0003 | AG52: 20.0653 | AH52: 52.81 | AI52: 68.57 | AK52: N_0824R22C | AL52: August | AM52: 2 | AN52: 1958.4002 | AQ52: 77.47
A53: N_0824R13C | B53: August | C53: 3 | D53: 1700.0003 | E53: 20.0653 | F53: 52.81 | G53: 68.57 | I53: =VLOOKUP(D53,WLReference!$A$2:$B$258,2,FALSE) -> 148 | K53: 1995.6524 | L53: 65.12 | M53: 1 | U53: P_0824R13C | V53: August | W53: 3 | X53: 2134.8839 | Y53: 50.39 | Z53: 49.25 | AA53: 80.8 | AC53: N_0824R13C | AD53: August | AE53: 3 | AF53: 1711.8884 | AG53: 35.5404 | AH53: 67.09 | AI53: 12.47 | AK53: N_0824R22C | AL53: August | AM53: 2 | AN53: 2346.326 | AQ53: 76.27
... A61: N_0824R13C | B61: August | C61: 3 | D61: 1715.8881 | E61: 48.9116 | F61: 63.44 | G61: 17.93 | I61: =VLOOKUP(D61,WLReference!$A$2:$B$258,2,FALSE) -> 144 | K61: 1963.6366 | L61: 83.6 | M61: 1 | U61: P_0824R13C | V61: August | W61: 3 | X61: 1657.7881 | Y61: 73.65 | Z61: 50.89 | AA61: 53.53 | AC61: N_0824R13C | AD61: August | AE61: 3 | AF61: 2040.0002 | AG61: 15.8519 | AH61: 47.29 | AI61: 63.06 | AK61: N_0824R22C | AL61: August | AM61: 2 | AN61: 1412.308 | AQ61: 64.11
A62: N_0824R13C | B62: August | C62: 3 | D62: 2040.0002 | E62: 15.8519 | F62: 47.29 | G62: 63.06 | I62: =VLOOKUP(D62,WLReference!$A$2:$B$258,2,FALSE) -> 76 | K62: 2392.1825 | L62: 74.15 | M62: 1 | U62: P_0824R22C | V62: August | W62: 2 | X62: 2166.3718 | AA62: 100 | AC62: P_0824R13C | AD62: August | AE62: 3 | AF62: 2172.7812 | AG62: 100 | AH62: 72.58 | AI62: 84.67 | AK62: P_0824R22C | AL62: August | AM62: 2 | AN62: 2166.3718 | AQ62: 100
A63: P_0824R13C | B63: August | C63: 3 | D63: 2172.7812 | E63: 100 | F63: 72.58 | G63: 84.67 | I63: =VLOOKUP(D63,WLReference!$A$2:$B$258,2,FALSE) -> 54 | K63: 1953.1917 | L63: 69.49 | M63: 1 | U63: P_0824R22C | V63: August | W63: 2 | X63: 2172.7812 | AA63: 92.59 | AC63: P_0824R13C | AD63: August | AE63: 3 | AF63: 2160.0002 | AG63: 90.88 | AH63: 57.15 | AI63: 86.77 | AK63: P_0824R22C | AL63: August | AM63: 2 | AN63: 2172.7812 | AQ63: 92.59
A64: P_0824R13C | B64: August | C64: 3 | D64: 2160.0002 | E64: 90.88 | F64: 57.15 | G64: 86.77 | I64: =VLOOKUP(D64,WLReference!$A$2:$B$258,2,FALSE) -> 56 | K64: 1511.1114 | L64: 91.7 | M64: 1 | U64: P_0824R22C | V64: August | W64: 2 | X64: 2160.0002 | AA64: 81.77 | AC64: P_0824R13C | AD64: August | AE64: 3 | AF64: 1922.5133 | AG64: 37.46 | AH64: 90.56 | AI64: 58.23 | AK64: P_0824R22C | AL64: August | AM64: 2 | AN64: 2160.0002 | AQ64: 81.77
A65: P_0824R13C | B65: August | C65: 3 | D65: 1922.5133 | E65: 37.46 | F65: 90.56 | G65: 58.23 | I65: =VLOOKUP(D65,WLReference!$A$2:$B$258,2,FALSE) -> 98 | K65: 1922.5133 | L65: 58.23 | M65: 1 | U65: P_0824R22C | V65: August | W65: 2 | X65: 2179.2286 | AA65: 77.77 | AC65: P_0824R13C | AD65: August | AE65: 3 | AF65: 2166.3718 | AG65: 90.04 | AH65: 52.41 | AI65: 67.75 | AK65: P_0824R22C | AL65: August | AM65: 2 | AN65: 2179.2286 | AQ65: 77.77
A66: P_0824R13C | B66: August | C66: 3 | D66: 2166.3718 | E66: 90.04 | F66: 52.41 | G66: 67.75 | I66: =VLOOKUP(D66,WLReference!$A$2:$B$258,2,FALSE) -> 55 | K66: 2034.3492 | L66: 63.4 | M66: 1 | U66: P_0824R22C | V66: August | W66: 2 | X66: 1661.5388 | AA66: 71.23 | AC66: P_0824R13C | AD66: August | AE66: 3 | AF66: 2141.108 | AG66: 70.65 | AH66: 25.09 | AI66: 86.8 | AK66: P_0824R22C | AL66: August | AM66: 2 | AN66: 1661.5388 | AQ66: 71.23
A67: P_0824R13C | B67: August | C67: 3 | D67: 2141.108 | E67: 70.65 | F67: 25.09 | G67: 86.8 | I67: =VLOOKUP(D67,WLReference!$A$2:$B$258,2,FALSE) -> 59 | K67: 1593.0589 | L67: 34.5 | M67: 1 | U67: P_0824R22C | V67: August | W67: 2 | X67: 2153.6658 | AA67: 66.55 | AC67: P_0824R13C | AD67: August | AE67: 3 | AF67: 2153.6658 | AG67: 85.05 | AH67: 29.24 | AI67: 80.32 | AK67: P_0824R22C | AL67: August | AM67: 2 | AN67: 2153.6658 | AQ67: 66.55
A68: P_0824R13C | B68: August | C68: 3 | D68: 2153.6658 | E68: 85.05 | F68: 29.24 | G68: 80.32 | I68: =VLOOKUP(D68,WLReference!$A$2:$B$258,2,FALSE) -> 57 | K68: 1892.7837 | L68: 25.43 | M68: 1 | U68: P_0824R22C | V68: August | W68: 2 | X68: 2185.7144 | AA68: 65 | AC68: P_0824R13C | AD68: August | AE68: 3 | AF68: 2147.3686 | AG68: 76.17 | AH68: 35.05 | AI68: 84.49 | AK68: P_0824R22C | AL68: August | AM68: 2 | AN68: 2185.7144 | AQ68: 65
A69: P_0824R13C | B69: August | C69: 3 | D69: 2147.3686 | E69: 76.17 | F69: 35.05 | G69: 84.49 | I69: =VLOOKUP(D69,WLReference!$A$2:$B$258,2,FALSE) -> 58 | K69: 2185.7144 | L69: 65 | M69: 1 | U69: P_0824R22C | V69: August | W69: 2 | X69: 2122.5435 | AA69: 57.83 | AC69: P_0824R13C | AD69: August | AE69: 3 | AF69: 2179.2286 | AG69: 82.61 | AH69: 69.34 | AI69: 75.09 | AK69: P_0824R22C | AL69: August | AM69: 2 | AN69: 2122.5435 | AQ69: 57.83
A70: P_0824R13C | B70: August | C70: 3 | D70: 2179.2286 | E70: 82.61 | F70: 69.34 | G70: 75.09 | I70: =VLOOKUP(D70,WLReference!$A$2:$B$258,2,FALSE) -> 53 | K70: 1442.8294 | L70: 25.02 | M70: 1 | U70: P_0824R22C | V70: August | W70: 2 | X70: 2192.239 | AA70: 54.01 | AC70: P_0824R13C | AD70: August | AE70: 3 | AF70: 2051.3968 | AG70: 31.4 | AH70: 41.06 | AI70: 82.53 | AK70: P_0824R22C | AL70: August | AM70: 2 | AN70: 2192.239 | AQ70: 54.01
A71: P_0824R13C | B71: August | C71: 3 | D71: 2051.3968 | E71: 31.4 | F71: 41.06 | G71: 82.53 | I71: =VLOOKUP(D71,WLReference!$A$2:$B$258,2,FALSE) -> 74 | K71: 1817.822 | L71: 50.88 | M71: 1 | U71: P_0824R22C | V71: August | W71: 2 | X71: 1822.3328 | AA71: 53.14 | AC71: P_0824R13C | AD71: August | AE71: 3 | AF71: 1661.5388 | AG71: 82.04 | AH71: 59.95 | AI71: 59.21 | AK71: P_0824R22C | AL71: August | AM71: 2 | AN71: 1822.3328 | AQ71: 53.14
A72: P_0824R13C | B72: August | C72: 3 | D72: 1661.5388 | E72: 82.04 | F72: 59.95 | G72: 59.21 | I72: =VLOOKUP(D72,WLReference!$A$2:$B$258,2,FALSE) -> 158 | K72: 1912.5002 | L72: 65.75 | M72: 1 | U72: P_0824R22C | V72: August | W72: 2 | X72: 2134.8839 | AA72: 51.96 | AC72: P_0824R13C | AD72: August | AE72: 3 | AF72: 1669.0912 | AG72: 81.03 | AH72: 36.23 | AI72: 76.79 | AK72: P_0824R22C | AL72: August | AM72: 2 | AN72: 2134.8839 | AQ72: 51.96
A73: P_0824R13C | B73: August | C73: 3 | D73: 1669.0912 | E73: 81.03 | F73: 36.23 | G73: 76.79 | I73: =VLOOKUP(D73,WLReference!$A$2:$B$258,2,FALSE) -> 156 | K73: 1610.5266 | L73: 87.56 | M73: 1 | U73: P_0824R22C | V73: August | W73: 2 | X73: 2147.3686 | AA73: 51.58 | AC73: P_0824R13C | AD73: August | AE73: 3 | AF73: 2134.8839 | AG73: 50.39 | AH73: 49.25 | AI73: 80.8 | AK73: P_0824R22C | AL73: August | AM73: 2 | AN73: 2147.3686 | AQ73: 51.58
... A81: P_0824R13C | B81: August | C81: 3 | D81: 1822.3328 | E81: 63.84 | F81: 28.38 | G81: 73.75 | I81: =VLOOKUP(D81,WLReference!$A$2:$B$258,2,FALSE) -> 119 | K81: 1409.5972 | L81: 79.74 | M81: 1 | U81: P_0824R22C | V81: August | W81: 2 | X81: 2141.108 | AA81: 48.47 | AC81: P_0824R13C | AD81: August | AE81: 3 | AF81: 1657.7881 | AG81: 73.65 | AH81: 50.89 | AI81: 53.53 | AK81: P_0824R22C | AL81: August | AM81: 2 | AN81: 2141.108 | AQ81: 48.47
A82: P_0824R13C | B82: August | C82: 3 | D82: 1657.7881 | E82: 73.65 | F82: 50.89 | G82: 53.53 | I82: =VLOOKUP(D82,WLReference!$A$2:$B$258,2,FALSE) -> 159 | K82: 2116.4267 | L82: 71.72 | M82: 1
A83: N_0624R22C | B83: June | C83: 2 | D83: 2153.6658 | G83: 100 | I83: =VLOOKUP(D83,WLReference!$A$2:$B$258,2,FALSE) -> 57 | K83: 1635.635 | L83: 70.41 | M83: 1
A84: N_0624R22C | B84: June | C84: 2 | D84: 1511.1114 | G84: 91.7 | I84: =VLOOKUP(D84,WLReference!$A$2:$B$258,2,FALSE) -> 202 | K84: 1428.7941 | L84: 68.14 | M84: 1
A85: N_0624R22C | B85: June | C85: 2 | D85: 2400.0001 | G85: 84.95 | I85: =VLOOKUP(D85,WLReference!$A$2:$B$258,2,FALSE) -> 22 | K85: 2497.9592 | L85: 16.73 | M85: 1
A86: N_0624R22C | B86: June | C86: 2 | D86: 2160.0002 | G86: 80.34 | I86: =VLOOKUP(D86,WLReference!$A$2:$B$258,2,FALSE) -> 56 | K86: 2028.7295 | L86: 68.11 | M86: 1
A87: N_0624R22C | B87: June | C87: 2 | D87: 2407.8689 | G87: 76.87 | I87: =VLOOKUP(D87,WLReference!$A$2:$B$258,2,FALSE) -> 21 | K87: 1412.308 | L87: 64.11 | M87: 1
A88: N_0624R22C | B88: June | C88: 2 | D88: 1471.7438 | G88: 76.61 | I88: =VLOOKUP(D88,WLReference!$A$2:$B$258,2,FALSE) -> 215 | K88: 2431.7881 | L88: 67.02 | M88: 1
A89: N_0624R22C | B89: June | C89: 2 | D89: 2456.1873 | G89: 72.16 | I89: =VLOOKUP(D89,WLReference!$A$2:$B$258,2,FALSE) -> 15 | K89: 1360.0003 | L89: 91.04 | M89: 1
A90: N_0624R22C | B90: June | C90: 2 | D90: 1533.1945 | G90: 72.08 | I90: =VLOOKUP(D90,WLReference!$A$2:$B$258,2,FALSE) -> 195 | K90: 1465.8686 | L90: 66.83 | M90: 1
A91: N_0624R22C | B91: June | C91: 2 | D91: 2141.108 | G91: 70.18 | I91: =VLOOKUP(D91,WLReference!$A$2:$B$258,2,FALSE) -> 59 | K91: 1624.7791 | L91: 33.78 | M91: 1
A92: N_0624R22C | B92: June | C92: 2 | D92: 1669.0912 | G92: 69.74 | I92: =VLOOKUP(D92,WLReference!$A$2:$B$258,2,FALSE) -> 156 | K92: 1533.1945 | L92: 72.08 | M92: 1
A93: N_0624R22C | B93: June | C93: 2 | D93: 1495.7233 | G93: 69.57 | I93: =VLOOKUP(D93,WLReference!$A$2:$B$258,2,FALSE) -> 207 | K93: 1826.8659 | L93: 74.1 | M93: 1
A94: N_0624R22C | B94: June | C94: 2 | D94: 2172.7812 | G94: 69.4 | I94: =VLOOKUP(D94,WLReference!$A$2:$B$258,2,FALSE) -> 54 | K94: 2017.5826 | L94: 67.99 | M94: 1
... A105: P_0624R22C | B105: June | C105: 2 | D105: 2153.6658 | G105: 90.85 | I105: =VLOOKUP(D105,WLReference!$A$2:$B$258,2,FALSE) -> 57 | K105: 1984.8651 | L105: 55.07 | M105: 1
A106: P_0624R22C | B106: June | C106: 2 | D106: 2141.108 | G106: 89.63 | I106: =VLOOKUP(D106,WLReference!$A$2:$B$258,2,FALSE) -> 59 | K106: Grand Total | L106: 65.991125 | M106: 160
A107: P_0624R22C | B107: June | C107: 2 | D107: 2128.6958 | G107: 84.83 | I107: =VLOOKUP(D107,WLReference!$A$2:$B$258,2,FALSE) -> 61
A108: P_0624R22C | B108: June | C108: 2 | D108: 2122.5435 | G108: 83.6 | I108: =VLOOKUP(D108,WLReference!$A$2:$B$258,2,FALSE) -> 62
A109: P_0624R22C | B109: June | C109: 2 | D109: 2134.8839 | G109: 80.9 | I109: =VLOOKUP(D109,WLReference!$A$2:$B$258,2,FALSE) -> 60
A110: P_0624R22C | B110: June | C110: 2 | D110: 2023.1407 | G110: 77.71 | I110: =VLOOKUP(D110,WLReference!$A$2:$B$258,2,FALSE) -> 79
A111: P_0624R22C | B111: June | C111: 2 | D111: 1462.9485 | G111: 77.58 | I111: =VLOOKUP(D111,WLReference!$A$2:$B$258,2,FALSE) -> 218
A112: P_0624R22C | B112: June | C112: 2 | D112: 2384.4156 | G112: 73.36 | I112: =VLOOKUP(D112,WLReference!$A$2:$B$258,2,FALSE) -> 24
A113: P_0624R22C | B113: June | C113: 2 | D113: 2415.7895 | G113: 72.01 | I113: =VLOOKUP(D113,WLReference!$A$2:$B$258,2,FALSE) -> 20
A114: P_0624R22C | B114: June | C114: 2 | D114: 2116.4267 | G114: 71.72 | I114: =VLOOKUP(D114,WLReference!$A$2:$B$258,2,FALSE) -> 63
A115: P_0624R22C | B115: June | C115: 2 | D115: 2400.0001 | G115: 69.16 | I115: =VLOOKUP(D115,WLReference!$A$2:$B$258,2,FALSE) -> 22
A116: P_0624R22C | B116: June | C116: 2 | D116: 2407.8689 | G116: 98.98 | I116: =VLOOKUP(D116,WLReference!$A$2:$B$258,2,FALSE) -> 21
A117: P_0624R22C | B117: June | C117: 2 | D117: 1428.7941 | G117: 68.14 | I117: =VLOOKUP(D117,WLReference!$A$2:$B$258,2,FALSE) -> 230
A118: P_0624R22C | B118: June | C118: 2 | D118: 2028.7295 | G118: 68.11 | I118: =VLOOKUP(D118,WLReference!$A$2:$B$258,2,FALSE) -> 78
... A162: P_0824R22C | B162: August | C162: 2 | D162: 2141.108 | G162: 48.47 | I162: =VLOOKUP(D162,WLReference!$A$2:$B$258,2,FALSE) -> 59

Sheet Interpretation
A1: Run | B1: Class | C1: Wavelength | D1: Column Number
A2: N_0624R22C | B2: {=_xlfn.IFS(ISNUMBER(FIND("R13C",A2)),3,ISNUMBER(FIND("R22C",A2)),2)} -> 2 | C2: =VLOOKUP(D2,ColRef!A$1:B$258, 2, FALSE) -> 2160.0002 | D2: 56 | F2: Wavelength (nm) | G2: Count of Wavelength
A3: N_0624R22C | B3: {=_xlfn.IFS(ISNUMBER(FIND("R13C",A3)),3,ISNUMBER(FIND("R22C",A3)),2)} -> 2 | C3: =VLOOKUP(D3,ColRef!A$1:B$258, 2, FALSE) -> 1511.1114 | D3: 202 | F3: 2160.0002 | G3: 4
A4: N_0624R22C | B4: {=_xlfn.IFS(ISNUMBER(FIND("R13C",A4)),3,ISNUMBER(FIND("R22C",A4)),2)} -> 2 | C4: =VLOOKUP(D4,ColRef!A$1:B$258, 2, FALSE) -> 2153.6658 | D4: 57 | F4: 56 | G4: 4
A5: N_0624R22C | B5: {=_xlfn.IFS(ISNUMBER(FIND("R13C",A5)),3,ISNUMBER(FIND("R22C",A5)),2)} -> 2 | C5: =VLOOKUP(D5,ColRef!A$1:B$258, 2, FALSE) -> 2166.3718 | D5: 55 | F5: 2153.6658 | G5: 4
A6: N_0624R22C | B6: {=_xlfn.IFS(ISNUMBER(FIND("R13C",A6)),3,ISNUMBER(FIND("R22C",A6)),2)} -> 2 | C6: =VLOOKUP(D6,ColRef!A$1:B$258, 2, FALSE) -> 2400.0001 | D6: 22 | F6: 57 | G6: 4
A7: N_0624R22C | B7: {=_xlfn.IFS(ISNUMBER(FIND("R13C",A7)),3,ISNUMBER(FIND("R22C",A7)),2)} -> 2 | C7: =VLOOKUP(D7,ColRef!A$1:B$258, 2, FALSE) -> 1665.3064 | D7: 157 | F7: 2141.108 | G7: 4
A8: N_0624R22C | B8: {=_xlfn.IFS(ISNUMBER(FIND("R13C",A8)),3,ISNUMBER(FIND("R22C",A8)),2)} -> 2 | C8: =VLOOKUP(D8,ColRef!A$1:B$258, 2, FALSE) -> 2147.3686 | D8: 58 | F8: 59 | G8: 4
A9: N_0624R22C | B9: {=_xlfn.IFS(ISNUMBER(FIND("R13C",A9)),3,ISNUMBER(FIND("R22C",A9)),2)} -> 2 | C9: =VLOOKUP(D9,ColRef!A$1:B$258, 2, FALSE) -> 2034.3492 | D9: 77 | F9: 2147.3686 | G9: 4
A10: N_0624R22C | B10: {=_xlfn.IFS(ISNUMBER(FIND("R13C",A10)),3,ISNUMBER(FIND("R22C",A10)),2)} -> 2 | C10: =VLOOKUP(D10,ColRef!A$1:B$258, 2, FALSE) -> 2172.7812 | D10: 54 | F10: 58 | G10: 4
A11: N_0624R22C | B11: {=_xlfn.IFS(ISNUMBER(FIND("R13C",A11)),3,ISNUMBER(FIND("R22C",A11)),2)} -> 2 | C11: =VLOOKUP(D11,ColRef!A$1:B$258, 2, FALSE) -> 1661.5388 | D11: 158 | F11: 2166.3718 | G11: 4
A12: N_0624R22C | B12: {=_xlfn.IFS(ISNUMBER(FIND("R13C",A12)),3,ISNUMBER(FIND("R22C",A12)),2)} -> 2 | C12: =VLOOKUP(D12,ColRef!A$1:B$258, 2, FALSE) -> 2392.1825 | D12: 23 | F12: 55 | G12: 4
A13: N_0624R22C | B13: {=_xlfn.IFS(ISNUMBER(FIND("R13C",A13)),3,ISNUMBER(FIND("R22C",A13)),2)} -> 2 | C13: =VLOOKUP(D13,ColRef!A$1:B$258, 2, FALSE) -> 1514.2271 | D13: 201 | F13: 2134.8839 | G13: 3
A14: N_0624R22C | B14: {=_xlfn.IFS(ISNUMBER(FIND("R13C",A14)),3,ISNUMBER(FIND("R22C",A14)),2)} -> 2 | C14: =VLOOKUP(D14,ColRef!A$1:B$258, 2, FALSE) -> 2028.7295 | D14: 78 | F14: 60 | G14: 3
... A123: P_0824R13C | B123: {=_xlfn.IFS(ISNUMBER(FIND("R13C",A123)),3,ISNUMBER(FIND("R22C",A123)),2)} -> 3 | C123: =VLOOKUP(D123,ColRef!A$1:B$258, 2, FALSE) -> 1672.8932 | D123: 155 | F123: 1635.635 | G123: 1
F124: 165 | G124: 1
F125: 1420.5032 | G125: 1
F126: 233 | G126: 1
F127: 1907.5327 | G127: 1
F128: 101 | G128: 1
F129: 2205.4055 | G129: 1
F130: 49 | G130: 1
F131: 1868.7025 | G131: 1
F132: 109 | G132: 1
F133: 1462.9485 | G133: 1
F134: 218 | G134: 1
F135: 1917.4937 | G135: 1
... F160: 18 | G160: 1
F161: Grand Total | G161: 121

Sheet Prediction
A1: Run | B1: Class | C1: Wavelength | D1: Column Number | F1: Row Labels | G1: Count of Wavelength
A2: N_0624R13C | B2: {=_xlfn.IFS(ISNUMBER(FIND("R13C",A2)),3,ISNUMBER(FIND("R22C",A2)),2)} -> 3 | C2: =VLOOKUP(D2,ColRef!$A$2:$B$258,2,FALSE) -> 1672.8932 | D2: 155 | F2: 2361.4149 | G2: 3
A3: N_0624R13C | B3: {=_xlfn.IFS(ISNUMBER(FIND("R13C",A3)),3,ISNUMBER(FIND("R22C",A3)),2)} -> 3 | C3: =VLOOKUP(D3,ColRef!$A$2:$B$258,2,FALSE) -> 1669.0912 | D3: 156 | F3: 27 | G3: 3
A4: N_0624R13C | B4: {=_xlfn.IFS(ISNUMBER(FIND("R13C",A4)),3,ISNUMBER(FIND("R22C",A4)),2)} -> 3 | C4: =VLOOKUP(D4,ColRef!$A$2:$B$258,2,FALSE) -> 1549.3674 | D4: 190 | F4: 2141.108 | G4: 2
A5: P_0624R13C | B5: {=_xlfn.IFS(ISNUMBER(FIND("R13C",A5)),3,ISNUMBER(FIND("R22C",A5)),2)} -> 3 | C5: =VLOOKUP(D5,ColRef!$A$2:$B$258,2,FALSE) -> 2134.8839 | D5: 60 | F5: 59 | G5: 2
A6: P_0624R13C | B6: {=_xlfn.IFS(ISNUMBER(FIND("R13C",A6)),3,ISNUMBER(FIND("R22C",A6)),2)} -> 3 | C6: =VLOOKUP(D6,ColRef!$A$2:$B$258,2,FALSE) -> 2141.108 | D6: 59 | F6: 2172.7812 | G6: 2
A7: P_0624R13C | B7: {=_xlfn.IFS(ISNUMBER(FIND("R13C",A7)),3,ISNUMBER(FIND("R22C",A7)),2)} -> 3 | C7: =VLOOKUP(D7,ColRef!$A$2:$B$258,2,FALSE) -> 2384.4156 | D7: 24 | F7: 54 | G7: 2
A8: P_0624R13C | B8: {=_xlfn.IFS(ISNUMBER(FIND("R13C",A8)),3,ISNUMBER(FIND("R22C",A8)),2)} -> 3 | C8: =VLOOKUP(D8,ColRef!$A$2:$B$258,2,FALSE) -> 2034.3492 | D8: 77 | F8: 2160.0002 | G8: 2
A9: P_0624R13C | B9: {=_xlfn.IFS(ISNUMBER(FIND("R13C",A9)),3,ISNUMBER(FIND("R22C",A9)),2)} -> 3 | C9: =VLOOKUP(D9,ColRef!$A$2:$B$258,2,FALSE) -> 2369.0323 | D9: 26 | F9: 56 | G9: 2
A10: P_0624R13C | B10: {=_xlfn.IFS(ISNUMBER(FIND("R13C",A10)),3,ISNUMBER(FIND("R22C",A10)),2)} -> 3 | C10: =VLOOKUP(D10,ColRef!$A$2:$B$258,2,FALSE) -> 2361.4149 | D10: 27 | F10: 2369.0323 | G10: 2
A11: P_0624R13C | B11: {=_xlfn.IFS(ISNUMBER(FIND("R13C",A11)),3,ISNUMBER(FIND("R22C",A11)),2)} -> 3 | C11: =VLOOKUP(D11,ColRef!$A$2:$B$258,2,FALSE) -> 2166.3718 | D11: 55 | F11: 26 | G11: 2
A12: P_0624R13C | B12: {=_xlfn.IFS(ISNUMBER(FIND("R13C",A12)),3,ISNUMBER(FIND("R22C",A12)),2)} -> 3 | C12: =VLOOKUP(D12,ColRef!$A$2:$B$258,2,FALSE) -> 2045.6826 | D12: 75 | F12: 2400.0001 | G12: 2
A13: N_0824R13C | B13: {=_xlfn.IFS(ISNUMBER(FIND("R13C",A13)),3,ISNUMBER(FIND("R22C",A13)),2)} -> 3 | C13: =VLOOKUP(D13,ColRef!$A$2:$B$258,2,FALSE) -> 2361.4149 | D13: 27 | F13: 22 | G13: 2
... A39: P_0824R22C | B39: {=_xlfn.IFS(ISNUMBER(FIND("R13C",A39)),3,ISNUMBER(FIND("R22C",A39)),2)} -> 2 | C39: =VLOOKUP(D39,ColRef!$A$2:$B$258,2,FALSE) -> 2172.7812 | D39: 54 | F39: 158 | G39: 1
F40: 1462.9485 | G40: 1
F41: 218 | G41: 1
F42: 2045.6826 | G42: 1
F43: 75 | G43: 1
F44: 1696.0742 | G44: 1
F45: 149 | G45: 1
F46: 1672.8932 | G46: 1
F47: 155 | G47: 1
F48: 1963.6366 | G48: 1
F49: 90 | G49: 1
F50: 1669.0912 | G50: 1
F51: 156 | G51: 1
... F57: 57 | G57: 1
F58: Grand Total | G58: 38

Sheet PLSDA
A1: P_0824R22C - 2 component
A2: value.var freq
A3: X1669.091199 0.2669012591 0.804
A4: X1672.893228 0.2586524055 0.580
A5: X1665.306413 0.2356501368 0.792
A6: X1676.712617 0.2013589995 0.092
A7: X1434.375318 -0.1782285699 0.420
A8: X1765.384887 -0.1757326116 0.016
A9: X1431.579266 -0.1753715782 0.304
A10: X1661.538753 0.1744151528 0.480
A11: X1769.638825 -0.1721878455 0.052
A12: X1761.151352 -0.1647574558 NA
... A102: X2280.745452 0.0005095259 0.064

Sheet Bulk Wavelengths
A1: Run | B1: Wavelength (nm) | C1: Source
A2: N_0624R13C | B2: 2324.0507 | C2: VarImp
A3: N_0624R13C | B3: 1665.3064 | C3: VarImp
A4: N_0624R13C | B4: 1360.0003 | C4: VarImp
A5: N_0624R13C | B5: 1508.0085 | C5: VarImp
A6: N_0624R13C | B6: 1661.5388 | C6: VarImp
A7: N_0624R13C | B7: 2266.6668 | C7: VarImp
A8: N_0624R13C | B8: 1610.5266 | C8: VarImp
A9: N_0624R13C | B9: 2302.1945 | C9: VarImp
A10: N_0624R13C | B10: 2456.1873 | C10: VarImp
A11: N_0624R13C | B11: 2068.7326 | C11: VarImp
A12: N_0624R13C | B12: 2309.4341 | C12: VarImp
A13: N_0624R13C | B13: 1892.7837 | C13: VarImp
... A321: P_0824R22C | B321: 2172.7812 | C321: Prediction

Sheet WLReference
A2: 2550 | B2: 4 | C2: =VLOOKUP(B2,A2:B258,1,FALSE) -> #N/A
A3: 2541.1765 | B3: 5
A4: 2532.4138 | B4: 6
A5: 2523.7113 | B5: 7 | J5: 155 | K5: =VLOOKUP(J5,A2:B258,1,FALSE) -> #N/A
A6: 2515.0685 | B6: 8 | J6: 156
A7: 2506.4846 | B7: 9 | J7: 202
A8: 2497.9592 | B8: 10 | J8: 7
A9: 2489.4915 | B9: 11
A10: 2481.0811 | B10: 12
A11: 2472.7273 | B11: 13
A12: 2464.4296 | B12: 14
A13: 2456.1873 | B13: 15
A14: 2448 | B14: 16
A15: 2439.8671 | B15: 17
A16: 2431.7881 | B16: 18
A17: 2423.7624 | B17: 19
A18: 2415.7895 | B18: 20
A19: 2407.8689 | B19: 21
A20: 2400.0001 | B20: 22
... A258: 1350.0003 | B258: 260

Sheet ColRef
A2: 4 | B2: 2550
A3: 5 | B3: 2541.1765
A4: 6 | B4: 2532.4138
A5: 7 | B5: 2523.7113
A6: 8 | B6: 2515.0685
A7: 9 | B7: 2506.4846
A8: 10 | B8: 2497.9592
A9: 11 | B9: 2489.4915
A10: 12 | B10: 2481.0811
A11: 13 | B11: 2472.7273
A12: 14 | B12: 2464.4296
A13: 15 | B13: 2456.1873
... A258: 260 | B258: 1350.0003
